Id,seq
0,GGAGAATCATTTGAACCCGGGAGGTGGAGGTTGCCGTGAGCTGAGATTGCGCCATTGCACTCCAGCCTGGGCAACAAGAGCAAAACTCTGTCTCACAAAAC
1,ACCCTGCCTACACCGCGGCGGGGACAGGTGGAGGTTTCAACCCCTGTTTGGCAACCTCGGGCGCAGCCAGGCCCCGCCCAGAAATTTCCGGGACACGCCCC
2,TGCAAATCTGTAAGCATTTCTCAGGCAATGAATTATGTCAACACAATTGCACCATCATTGATGGACTTGGAAATGCAGACAGAACTGAAGAGGAGCGTCTC
3,GCGGGACGTGGGCGTCGAGGGTAAGGATATCTGCAGAAGTACTGTCTTGAGCAAGGAGCACGGCAGACAGAGCCTCTGAGACACGAGAGCCTGGAGTGTAA
4,GGAGAATAGCATGTATCCGAGAGGTGGAGCTGGCAGTGAGCCGAGATTGCGCCACTGCACTCCAGCCTGGGTGACAGAGCGAGACTCCGTCTCAAAAAAAA
5,ATGCCACCATGCCAGGCTAATTTTTTGTATTTTAGTAGAGACAGGGTTTCACCATGTTGCCCAAGCTGGTCTCGAACTCCTGGGCACAGGCAATCTGCCCT
6,GCAGCACTACACCCGGCTAATTTTTGTATTTTTAGTAGAGACGGGGTTTCACCATGTTGGTCAGGCTGGTCTCAAACTCCTGACCTCATGATCTGCCCGCC
7,ATACCACCACGCCCAGCTAATTTTTGTATTTTTAGTAGAGAGGGGGTTTCACCATGTTGGCCAGGCATCTCAAACTCCTCACCTCAAGTGATCCACCTGCC
8,ACATGGGACATGCATTCTAAATTCTCTTAGGACATCCTCCAGGGTGTTGCCTAATATGTTCTACTGTGGATAAAGTCAGGCCTTCCTGGTCTGTCCGCTTT
9,TTCCGAGATGGAGTTTTTCACTGTTGTTGCCCAGGCTGGAGTGCAATGGCGCAATCTCCGTTCACTGCAACCTCCGCCTCCCGGGTTCAAGTGATTCTCCT
10,TTTGTATCTATCATTCCTCTAACACCAACTGTTTTGACTACCGGAGTTTTATAATGAATCTTTTTTAAAAAATAATTTCAACTTTTATTTTAGATTCAGGG
11,CCACTTGATCATGGTGGATAATCTTCTTGATGTGCTGCTGGATTTGTTTTGCCAGTATTTTATTGAGGATTTTTGCATCAATGTTCATCAAGGATATTGGT
12,GGAGAATTGCTCAAACCTGGGAGGCAGAGGTTGCAGTGAGCCGAGATTGTGCCATTGCGCTCCAGCATGACAGAGCAAGACTCCGTCTCAAATAAATAAAT
13,AACCCACACCACATGCTGACCGATGGCTCGGAGTGCAGGGCACGTCTTGGGCAACCCAGCAGCCCCCGGGGCGCCTTGTCACAGCCAGCACTGCCCGGTGC
14,CTTGTAATGAACCCAGCTGATCAATGAACAATGCTTTGTATAACAATTGTGTAATTGAAAGTGATACAATACCTACCAACGGGGACTTAAAGCAACCAGGA
15,AGGCGGATCATTTGAGCCCAGGAGTTTGAGACCTGCCTGGCCAACATGGCGAAACCCCGTCCCTACTAAAAATGTAAAAACTAGCTAGGTGTGGTGGTGCA
16,TGTGCATTAAAACTCACAGAGTTGAACCATTCTTTTGATAGAGTAGTTTTGAAACACTCTTTCTGAAGTATCTGCAAGTGTATATTCAGAGCGCTTTGAGG
17,GAGATCTCACTTCCGGAGCACCCGCCATCTCTGCGTGGACATCCCATTGGGCCACTTCCCTCAGGGGGCCCCAAGCTGCAGCCTCCTCCTCCCCCCACAGC
18,CGCATTAAAGCTGAGTGGAGAGAGGGAGGGAGAGGGCCCTGTGCTATTGTGAAAGAGGATAATTTGATGCTATTACAGCTCAGATAAGGTCTGGGAGAATG
19,TTCTGCAGACCATTTTAAGGAATTCAGCTTTATCACTGGGTGTGAATTTTGCCATGCAAAGGAAGGAATATAGATTTATTTTTGTCCTTGTTAGGAAACCA
20,TTTGTTGTTGTTGTTGTTGTTGTTGTTGAGATGGAGTTTCACTCGGTTGCCCAAGCTAGAGTGCAGTGGTGCCATCTCCACTCATTGCAACCTCTGTCTCC
21,CCTGGATTTAGATCCAGATTCTAGTCCTATCTCTGTCATTAATCTATTGCGTAACCCTGAGCATATCATCTACCTCTCTTTGAGTTTGCTTGTCAATAAAA
22,CCAAATCAACAGAATATACATTTTTTTCAGCACCACACCACACCTGTTTCAAAATTGACCACATACTTGGAAGTAAAGCACTCCTCAGCAAAGGTAATAGA
23,GAAGAATCGCTTGAACCCGGGAGGCAGAGGTTGCAGTGAGCCAAGATTGCGCCACTGCACTCCAGTCTGGGCGACAGAGTGAGACTCTGTGTACAAAACAA
24,TTTTTTTTTTTTTTTTTTTTAAATTAAGAGACAGGGTGTCTCAATGTTGCCCAAGCTGGAGTTCAGTGGCTAGTGGCTATTCACAAGAACGATCATCGCAC
25,CAAGTAGATTGCTCTATAGGGAGTTTCTGAAGCAAAAGTGAAATTATTGCTTCATAGTCTTATCTGCCTTGGGCAAAGATTTCCTGGACAAAACAACTAAG
26,AAAAATCTTAAAAGGAAGAAACATATGCCAAATGTTGGTCTCAGTCTTGCGACACATTCTTGTGTTTATGGCATCATCCAGTGACTCAGCGTTGCTTTTTG
27,TGTCCAATGATTTTCTTTAAAAAAAATTTATTTCACGTGAGTATAATTGAGCAATTAGCGCGCCCTAGTGTTATCTAAGTTTCCAGTGTTTCCTTTAGTAA
28,AGACCCAAAGAATCCCCTGGTCGGGGCCAGGCAAGTGGTCCACAGGTTTTGCAACAAAGAGTCTTCAGTGGGGGCAGAGCCTTCCCGGCAAATGCCAAGTG
29,CGAGAGTTCGTCCAGCCTTATGGGAATTTAGTTCAGAGAGAACGTATTGCATAATAAGATACTGGTTTAGTGAATCATGACTTTTCTTTCGATAAGACAGT
30,TGAGAACACATTTCACTTATCAAAGTTTGGGGAGCCTCAACAGACATTATGTAAGTTAATGTTACTTTGGAAAACCCCTATTAACTGCCCCATAACCATGT
31,GCATTTGATTGCAAATAGATGTCTGTGATTCTAGCCATCCACTTTGTGACAAAACATCTTGCATATATATTGAGATCCACTGCTGTTTTCTCTACACAAGG
32,GTTTTTGAGTAGGAGTTTCGCTCTTGTTGCCCAAGCTGGAGTGCAATGGCGCAATCTCAGCTCACTGCAACCTCTGCCTCCCGCATTCAAGCCATTCTCCT
33,ATTAGAAAAACCTGTTGATCAAGCAAAACTTAGCATCTTAAGCCTATTGCATAAGGAAGAAGGCCACATTGATAGAATATCTGTCATGTCTTGAAAAAGGG
34,GTTAACGAGCATGCTGCCTTCAAGCATCTGTTTAACAAAGCACATCTTGCACCACCCTTAATCCATTTAACCCTGAGTGGACACAGCACATGTTTCAGAGA
35,ATTTAATTTGTCTGTTTTGTAGAAAGGGTATGTAGATAATTCCATGTTTTGTAAAAGTTGTCTCTAAAAATCTAACAAGTGTAAGTACGATGCTATTACAG
36,AAGGACAAAAAACCAAACACCACATGTTCTAACTCATAGGTGGGAATTGAACAATGAGAACACTTGGACTCAGGAAGGGGAACATCACACACTGGGGCCTG
37,ATATTTAGGATAGTTAGCTCTTCTTGTTGAATTGATCCCTTTACTGTTATGTAATGGCCTTCTTTGTCTCTTTTGATTTTTGTTGGTTTAAAGTCTGTTTT
38,TTCTCCCTGAAAGGTTACCTAAGCACCTAGTATTTTAAAAAGATAATGGTGCAACTAGAAAGTGTTAGGGTTCAGAGAAGAGAGGGAGGTATGGGGTATCC
39,GCAGGATCACTTGAGCCTGGGAGGTGGAGGCTGCAATGGGCCGTGATTGCGTCACTGCGCTCCAGCCTGGGTGATAGAGCGAGACCCTGTCTTGGGGGGGA
40,GACCCAGATACAAATCCTCCCTCTACCGCTTGCATGTTGTGTAACCTTGGGCAAGTTGCTTCACTTCTTGAGCCTACATATTCTCATCTGTCAACCTTGCA
41,GTATTTTACAGATGATAAAAACAGAGGCAGAGAGAGTCTAAGTAAATTGCACAATGCCACATAGCTACTAACAGTCAAAGCAAGATTCAAACTGAGCTCTG
42,GGTCAAGTTGTTTGGATAAAAAGGCTACAGGACGCGATCCTGGTCCTTGTGTAAGAATTCCCTGCACTTAGGCTGTGTGTAATGAAAAGGGTTGGGATGAA
43,CACTGATATGTGGGAGCTAAGCTACGAGGATGCAATGGCATAAAAATGATACAATGGACTTTGGGAACTTATGGGGAAGAGTAGGAGTGGGGCAAGGGATA
44,GGACAGTCACTTGAGCCTGCGAGGTGGAGGTTGCAGCGAGCCGAGGTTGCACCACTGCACTCCAGCCTGGGTGACAGAGTGAGACTCTATCTGAAAAAAAA
45,TTTAGAATGTGACTCAGACTTTTTAACCGGTAACCAGGATTCTTGATTTCACAACTTTCCTGGTTTGGCTCTCCACCCTTCACCTATGTCAGGCATGTTAG
46,AATGCCTATTTGAAAAGTCCAAAAGATAATTTGTGGTCTATTTGCATTGTGCAATTGTTTGCAAGGCTGCTATATGGAGGAAGTGTAATATTGATAATTTC
47,GGACTGTCTTAGAAGTCATTAACCTCTCTCATATCCTGATCCTTTATGTCGAAATCCATGCTCCCAAAAGTGAAGTACCCTCTCTGACTCTCCTTTCACTT
48,GGGTTGAAGGACAGGGAGTATCCAGGGTGACTTGTAGGTTCTGAGCTTGCACAATAGGATGGATGGCAATCCATTTGCTGAGATAAGGCATGATGGAAGAG
49,AACAAAAAAATGGAAAAGGCATTCCACAAAGACCTCATGAATTTTGTTTCAAAATGCACTTAGCTAGTTTATAAAAAAATGATACTTAAACACAAGTCTGA
50,AATTTAAGTTCAAACTAGGAATCTCTACCAGCACCTAGCAAATACATTGGACAATGAGGGTTAATAGACAGGAATGACAAGTGCTATACTGCTGAATTTTA
51,ACATCTCTGGGTTCCACTACTTCCTGGTTGTATGACCTTGGGCAAGTTGGGTAACCTGTGTCTGTGTCCTCTTCTGTTGTAGTGATAGTTAACCGAATCTA
52,GCACGCACCTTTAGTCCCAGCTACCCAGGAGGCTGAGGTGGGAGGATTGCTTAAGAGCCCAGGCATTTGAGGCAAAAGTAAGCCATGGTCATGCCACTGTA
53,CCTTTACAGACCTGCACCAGAATCTTTGAGAGAAGTTTTTGATGCATTTGGCAACAAGGGGAAGAGCTTCAACTTTATCAGAGGGACAAACTCTTCAGAAA
54,CCAGCCATTTGGGAGGCTCAGGCAGGAAAATCGCTTGAGGTGGAGGTTGTGCCATCGCACTCCCGCCTGGGAAACGAGCAAAACTCCGTCTCAAAAAAAAA
55,AGATAAACAACAATCACGGCCTAATTACTAAGTGATAAGTGCAGTGTTTCTCAACTTACATTTGCTTTGGAGTTTCTGGGGTCGTGCAGGGAGGCAGCTCT
56,GGAGCAGGTTGTTCAGTTTCCATGTAGTTGAACGGTTTTGAGTGAGTTTCTTAATCCTGAGTTCTAGTTTGATTGCACTGTGGTCTGAGAGACAGTTTGCT
57,AAAATATGCAAAAGGATGGGAAAGCTGTGTTCCAATAAAACTTTGTTTACAAAACAGCAGGCTGGATTTGGCCCACAGGTTGTAGTTTGCTGACCCCTGGC
58,AAAAAGAAGCAGCCAAAACTCACCGGGTGGATTCTAGGAATCACTGTTGCAAAACTGACACATAAATCATTCTAAGGAGTTAGATAACCCCAGAGAAAGAG
59,ATTGTCTTTGATCCAAGAACTCAAGCCAGTCCAAAGAGAGGTTTTGTTTTACAATATATAATTTTGATGTCAAACTCCAAACTTTTCATTTTTCTTATTTT
60,CTGGATCGTCACAATCTCAAGGGTCCTTGGTGGCTAGCCCTCTATCTTGAGCAATTCTTATCCTCTTGTTAGCCTCAAGTCAAGATTAAGCAAAACACATT
61,TGGTTAGTGTACCATCATTCCACAAAGGCATTAATTTTTGTATTCTTTACTCAACAGAAGCATGGAGGGAGCTCATGGATAAGTGGATAGGAGCTGGGGCT
62,ACCCACTACATCCTCTTTTATTAAAAGTAACACAAAGGGAAAACGATTTTGAAATCAAAGTGAGACTTATACACCCCAGCTGCAACTTCAACAAGATATCA
63,GCAAGAATGTCTGTAACGCTGAGAACCACACCTAACAAGAGAGTGATTGCATCACCGGCTTCTACTGCTTCACCCAGGCAGCACCAAAATAGTGACATGAG
64,AGCTTAGCCATGTTTATGTGGTGAAGAAGTTGATGTGTATAATAGATTGTACAATGATTTGTGGTCAGTGTAATTTTGCTAACTCACGCTTACAATATGTC
65,CCACCTGGCTTATTTGTGTATAACTTTTTTTTAAAAAGTACAATTATTGCACAATAGATCTTTCAAGAGAGGTTTGGAAGCCAGTGAGCTAGGTTTTAAAG
66,ATTTTGCCTGGACCCCACTCGGGTGGCCACAGGCGTGGATTCGCAGTTGCGCTATCTGCATTGGAGCCCATCTGCTGCTTTTCCTTGGACAATGGCTGCCC
67,GAACTGGGGGGTGGGCAAGGCTACTTGATGTTACTTATTTGTCTGCTTGTGAAACATGTGCCGGATTTAAATTACGGCCACACATTCTGACACTCCTCCCA
68,TTTGGATTACTGGTTTAGTGAAGTCAGTACTAATTGCTATGCAAAATTAAGCAAGCAGCCTGAAGAACCAAGCCCTGCATCCAGGGGGTGCTTTTATAGAA
69,AAGGGTTAAGGGCATTATGCAAGCTGTTAAATAAAAAGGAAGTGCATTACAAAATGCTGAGCTCAGGAGTCTGGCTGCCAGCCAAACCTTTGCTTTCCTCA
70,AATTGCATTACATATGGATGATGAGAAAAGTTCAGTGTGATAACAATTGCGTAACAGATAAGCATGAGAACTACTTAAAGAAATAAAAATATGCCCATCAC
71,CCCTTCAGGAAACCCTTAACCCAACTCGGAATTTGAGTATGTAAGATTAGGCAACTTCTGTTATTCTTTCCCCCCAAACAGTCCCTAATGAATTGGACAGA
72,TACAATATCCAATCGGTGACCCAGGGCCACAGTTTTGTCATATGTCTTGCGAAAGGCTGTCAGAGCTCCCTCCTGTCAAGAAAGCCAAGGCAATAGGTGAG
73,AAATGATATTTCTTTTTCTAGATCCTTGAGGAATCGCCACACCATCTTTCACAATGCTGGAACTAATTTACACTCCCACCAACAGTGTAAAAGTGTCCCTA
74,TTTGTTTCAAGACATTTTATTTTTGGAGACACAGGGTGGAATGCAATGGCGCAATCTCAGCTCGCTGCAACCTCCCCCTCCTGGGCTCAAGCAGTCCTTCT
75,ACAGTTAACTATTTTGGAGTTTTTTCTATGTTTTTCAGAGATGGGGTTTCTCAATGTTGCCCAGGCTGCTCTTGAACTCCTGGGCTCAAGCAAACCCCCCA
76,AGCAATAACTATAGACAATAAGAATGTTATTACCTTCAGGTCGATATTGTGCAACAATTGTGACAGCCTGGCCAGCATTTTTCAATGCAGCTGCTGCCTGC
77,CAGGATTCTTTTTTTTCCCCTCCTCTCTTGTTTTGCCTATCATTAGTTGTGCAACACTGGGCACTTGACCTTTTGACACTGTTTTTTTCTTTTTAATCTTT
78,TTGGAACAATGGACAGGATGTAGATAATCAGAGAGAGGCAGGAAAGTTGCCCAATCATAGTGAGTCAGACATTTATCGAACAGCTGGTCTGTGCTCAGCTC
79,AAAAAAAATAAAAATGAAAGTATAAATAAAAAGAACTGACCCAAAGTTACACAATGGGGCAAGAACAGGGCAAGGATTTGAAACTGCACCTGCAGCATCCT
80,TAAAAAATGAGAATAATGTGTATTAGAATCAATGAAATAATGCATGTGATACAATTTAGGTAATAGCAGATGCTAAGGGAATAAAAATAAAGCGGAGTGAA
81,GACTTTTAGAGCAGTGAAACTATTGTATATGACACAGTAATTAATGTTACATAAGATTATGCTACATGGTACTATGTATTTGTGGAAAAAAACATACAACT
82,TTTTTTTTTTTGATGGTCTTGCTCTGTTGCCCAGGCTTGAGTGTGGTGGCGCAATCTCGGCTCACTGTAACCTCCATCTCCCAGGTTCAAGCAGTTCTCCT
83,AAACTATTGGAGAACTTTACATTCATCACTGGAACTCCACAGGAACTTACGAAACACTATTCCTCACATAGATAACAAAGAACTGAGGCAACTTGGGCTTA
84,CGAGAATCGCTTGAACCCAAGAAGTGGAGGTTGCAGCGAGTCGAGATTGCACCACTGCACTCCAGCCTGGGTAACAGTGCGAGACTCTTAAAAAAGGTGAA
85,TTAGTACTTTCATCATTACACCAAATAAACAACAATGTGTTCCTGGTTGCGCAAGTCACTAACCCTTTTGTGACTCAGCTTCCTTCCTGTAAAGTGTTAAT
86,TGAGAATTGTTTGAACCCAGGAAGCAGAGGTTGCAGTGAGCTAAGATTGTGCCACTGCACTCCAGCCTGGGTAACATAGCAAGACTGTCTCAAAAAAAAAA
87,CTAGGGTGATTCTGAGCCCTTCTGACACATAAACTGGCTTCCAGGATTGCTCAACATTGCCCCATGCTGCAGCAGTCACTGCCGGCTGACCAGCCTTCCAT
88,TCTTCTAAAAACTGCTAAGCACTCCATGTGTCCCAAGCGCTAATGATTAAGCAATAAATATATCAGTAGCAGTTAGTGACATGATGTCCTAAATTTTAGCA
89,CTGATTTAAAGTGTAGAGTTTAGTGGTTTTGAGGATATTCACAGAGTTGTGCAACCATCACCACTATCTAATTCTAGACTATTTCCACCACCCCCAAAAGA
90,CGGGTGGATCACTGAGGCCAGGGGTTCAAGATCAGCCTGGCTAACATGGCAAAACCCGTCTCTACTAAAAATACAAAAAATTAGCCGGGCATGGTGGCGCA
91,CTGCCACCGCGCCTGGCTAATTTTTGTATTTTTGGTAGAGATGAGGTTTCACCATGTTGGCCAGACTGGTCCCAAACTGCCGACTTCAGGTGATCCACCTG
92,GACAGGATTTTGTTTTGTTGCCAAGGCTGATATCAAACTCCTGGCTTTAAGCAATCCTTCTGTCCCAGCCTCCCAAAATGCTGGAATTACAAGTATCAGCC
93,TTGAAACCAGGAGTTTGAGACCAGCCTTGGCCACGTAGTGAGACCATGGCTCAACAAACAAAGAATAATAAACATATTTACTATTATGGGACGTCTATGTG
94,TATTACCATTATGAACAATCTGCTCTTTTTTTGTCATGCTCTATCATTTCGTAACACTTTCTCTTCTCATAGCAACGTGCTCTTCCCCAGGATGCCCTTAT
95,CAGCCTATGTTTGATTTCCTCATTTTATGGAAGTTTTTTTTTTTCATTGCTAAATAGAGTTTTTTTTTATAGCACAGTGCTTTTGGATTCATCAAAAGAAA
96,CTGGCTTATCTAGTATAATTTTAGCAAGAGAATTTAAAGAAGTCTGTTGCGCAATCACAGCCTTTGCAGTAGAATCTGCTATAGAGCCTATCATGTGGGAT
97,AGAGTTTCACTCTTTTTGCCCAGGCTGGAGTGCAATGGCGCAATCGTGGCTCAACGCAACCTCTGCCTCCCGGGTTCAAGCAATTCTCCTGCCTTAGCCTC
98,AAACATCTGAGCTATCTAAATTCCACTGCAAAGTATGAAAAGCAAATTAAGTAATCATGACACAATCACTCAAATCAGAAGAATGAGGAGTGCAGTAGGTT
99,GAAGGGTGGCTTAAACCTGGGAGGCAGAGGTTTCAATGAGCCAAGATTATGCCACTGCACTCCAGCCTGGGTGACAGAGCCGGACCCTATCTCAAACACAC
100,TACAGACTGATAAGATTCCCTTACCGTACAAAGAAAAGTTATCCTGTTTTGTAATGCGTAAGTCTTTCCTAAACACAGAGACTGAATTTTGGTTGTTATTC
101,TTTTTTTGAAACAGAGTCTCACTTGTTAACCCAGGCTGGAGTGCAGTGGCGCAATCTTGGCTCACTGCAACCTCCACCTCCCAGATTCAAGCAATTTTGTA
102,CCTGCTTTCTGAAATTCTTGAGAAGCAGTTGATGAAATAATACTGATGATGCAACTCTGTCTCTGCTGTCATTTGCTTTTTCAAGGTGTTGAAGAGAGGAA
103,CTCTAGCCCAACCTCTTAATTTTATGGCCGAGGAAACAAGCTCCAGTGAAGCAACCGGACTTTCCCAAGGTCATAAGCTAGTAAGTGGGAGGGCGGAAACA
104,TTTTTTTGAGACGGAGTCTCACTCTGGCGCCCAGGCTGGAGTGCAGTGGCATAATCTCTGCTCACTGCAAGCTCCACCTCCCGGGTTCACGCCATTCTCCT
105,AGCCTCTCTTGTCTTCTCTAGACTTCCCTACTGTAACTATCTTCTCTTGCATCATCAGCTCCCCCTCTCTACTGAATCATCCCGTTAGTGTACAAACATGC
106,GGTAGACTTTCAGTTCCTTAACATGAAAAGAGTTCTGGAGATTGTATTGCACAACACTGTGAATGTACTTAACACCACTGAACTGTATACTTAGAGATGGT
107,TTTTTTTGAGATGGAGTCTTGCTCTATCGCCCAGGCTGGAGTGCAATGGCGCAATCTCGGCTCTCTGCAACCTCCACCTCCTGGGTTCAAGTGATTCTCCT
108,GTGGTCAAAACCCAGAACAATAACACAGATTTATTGCTTGTCCTGATTGTGCAATGTCTTCTTTGCTTTTTTTTTTTTTTTTTTTTTTGAGAAGGGATTGC
109,ATGGGTTTTGACAAATGTATAATGACACACATGTACTACTGTAATATTGTGCAATATAGTTTCCCTAACCTAAAACTCCCCTATGTCCTCCCTCCTCAGTA
110,TAACAGAAGATGCTGGCTCAGCTTCATCATGTGTGCAATTTAAGGGTTGCTCAAGTGATTCTTTAAAACTGCATAAAAGCAATTCTGCTGTGCCTGGGAGA
111,TTTGTGATATTGTCATTAGCACTATTTTCTTGGTGGTTAGTAATGGTTGCGTAATATGGCTGGATGTTGTGAGGAGAGTTCTAGAAAGGACTCCTGGAGTC
112,CTTATGCCAGAGGGCCTGAACTCTGTCTTTTCTCTCTCTATTTGACTTGCATAACTCAAACCAAATGGGCACACATCATCATTCTTTACTTCTACCAACAA
113,GCCCAACATGATCTGGCCTTGCTTCCCAACTTCAAGTCTACTTTCCTGGTACAATGAGTTATTTTCTGTTTCTTCAAGGAGGCTATGTTTTCTCCTACCTC
114,ATATTCTATATAGCATCTACCTCATAGGGCTCTTGTGATAATTAAATTGAACAACCCTGGTGAAGAACCTAGTTAAAGTGCTCAAGAAATGGCAGGTATTA
115,TGCTCACACAACAGGACCTTCTTGCTAATTTTGAAATTCTTGCTGATTTTGAAACGCAGCCACAGAGCTGCATTTTGGGGCTCTGTCACAGAGCAGCAGCC
116,GAGTGCATTCCACTCTCAGAGTTGATCCTTTCTTTTGATAGAGCAGTTTTGAAACACTCTTTTTGTAGATTCTGCAAGTAGATATTTGGAGTGCTTTGAGG
117,TTGTGCAATTTCCTGGTTTTTTTTTTTTCTTTATGATAGCAATCAGTTTTGTAACTACATATTTGTCTGATACTTGATTAATATCTATTCTCACTTTACTC
118,TTTTTAAGAGACAGGGTTTTGCTCTGTCACCCAGGCTGGGGTACGGTGATGCAATCATAGCTCATTCATTGCAACCTTGAACAGTTGGGCTGAAGTGATCT
119,AGCCACCGCGCCTGGCCTAATTTTTGTATTTTTAGTAGAGACAAGGTTTCACCATGTTGGCCAGGCTGGTTTCAAATTCTTGACCTCAGGTGATCCACACC
120,GTATTTGGCATCTTGAATAGCTTGAACCTATTACTCCTGGATGAAATTGCGCAATTTTTAGTGTTAAGGATAAGCTGTCAGAATTTAAGAAGACTAAACTG
121,GTTCCCGCTCACCCTCAGTCTCTCACTCTCTTAACTGTCTCTGGAATTTGGCAAGAAGTCCTTGTGGACTTCTTTAAAAACACGTATCATTGTTTCTTGAA
122,TCTTTTGGGGTGATGAAAAATGTTCTAAAATTAATCATGGTCATGGTTGCACAATGCTGCGAATATACTACCCCCCTGAAATTCTCCTTTTTAAGTGGGTA
123,CAAGATGCCATGACTCAACATTAGTTAAGTTCTTGAGTCATCTGTGTTGCTAAATTAACCACCAATGCAAAGCACATGTAGGCACGCACACAAGCACACAC
124,AAGAAATTGTTCCAAACCCCAGTGGCTTAAAACAGCTACCATATTATTGTGTAATATTTCAGTGAGTCAGCTCTTTGGGCTGGGCCCAGCTGGAGGTTTCT
125,TAAGAAACAGGTGGCAGAGAAGGAAGTGAATACACACATGTTGGGATGGCGCAAGACAACGGATGGCCAACAGCACCCATTTGAAGCTGAAGGGAAGCCAA
126,GGTTAAATTGTACATTTTAAATATGAAATATATAGTAGGTAAATTATGTCGCAATAAAGCTATACAAAAAAGTAGACTAGGAAAATAAATTATGTTTGCAT
127,GGAGCCCAAACTGGGCCACTGACTTGCTTTCCAGGCTGGAGTGCAGTGGTGCAATCACAGCTCACTGCAAGCTCGAACTCCTGGGCTCAAGCAATCCACAC
128,ACCATGGAAATACATGGAAATTAAATAACCTGCTCCTGAATGATCATTGTGTCAACAATGAAATCAAGATGGAAATTTAACAGTTCTTTGAACTGAATGAT
129,GCATTCTTACTCCCCCTATTACACTGTTTCCCAATAAAGTGAACACTTAAGCAATGAAGTAGTAGCATTAGTAATGGCTGACTTGTATAAAGCAGTTAAGC
130,GACTGCCTTCATGTGGCTTGGAATTAAACCACCAACTCCCTGGACATTGCTTCACACAATGGGTCCCAACCATGGATCGGACATATTTCTTCATAATGACA
131,AGGTTCTAAGAGGTGGGCTAGAGGCTTGTAACCTACATGGAAGATGTTACGAAATGATGACAGAATAGAATGGGCCTGTGAGGCTGGAAGGAGATATTTTC
132,ATCTTTTTACATATTTTGCCTTTTCCAGAATGTCATATAGTTAAAATTGTACAATAGGTAGTCTTTCAGACTGGCTTTTCTCACTTAGTAATATGCAGATG
133,TTCATGCAAGGTCACTGGGTGTGTATATGCTGATTAGCAAGAAGTATTGCTCCATCCAATAAAGTTATTATGTCTCTGTTGAATGATTAAGGACCTGGTCA
134,CAGCTCAATTCACATTCCTGCAAAGACATGATCTTGTTCTTTATGATTACATAATACTTCATGGGGTATATGAACCACATTTTCTTTATCCAATTTTTCAT
135,GTCAGTTGAAGGCCTTTCTTGTGCTACTGATGCCTTATTGATAACGTTGTGCAACTATGAGGGTGTAACCAAAACAAAAATCTTCTAGATGGGCTATGCTA
136,CTTGTAATGAACCCAGCTGATCAATGAACAATGCTTTGTATAACAATTGTGTAATTGAAAGTGATACAATACCTACCAACGGGGACTTAAAGCAACCAGGA
137,CCGAATTCCAGCAAAGCCTCTCCCCAACTCTGTGGCCTTCCACAAGTTGCTTAACCCCTCTGAGCCTCACTGTTTCTTCATCTGGAAAATCTGGGTAGTGA
138,GAGTGCTTTTGGCTGAAGTTCTCTAAGGTACTGATTACACATCCAATTATGCAACTGGCCCAGAGGCCCGCATTGTGGTACAACCTTATTCTCACCCAAAC
139,TGGGGCGGGAGGATTGCTTGAGCCCAGGGGTTGCAATGAGCTATGATTGCGCCACTGCACTTCAGCCTGGGTAACAGAGTGAGACTTTGTCTTTTAAAGAA
140,GGGTGGATCACTCAAGCTCAGAAGTTCGAGACAAGCCTGAGCAACATTGTGAAACCACCTCTTTACTAAAAATACAAAAATTAGTTGGGCGTGGTGGTGGG
141,GATAAAAAGAAAACTCTCACAGAGATTATAGAGACCGGAGACAGTATTTCTCAACTAAACGTAGTATTAAGGTCACCAGAAGAACTCTAAAACTATACAAG
142,TGCAGTTCCAGATAAGGAGGTAATGTACCCCCAGCAACTGAATGTGTTACGCAATCACCAGTTTTCTGATTGGCTTACATACTGAATACAGAATACAAACT
143,ACTCTCTCTGTCGCTCTCTCTCTCTGCCTGACTCTTCATTCTTGCCTTGTGTAACCCAGGACAGAGGACTGCCTCCTGCCCAGGATATGTAAGTAATAAGT
144,GGACAATCGCTTGAATCCAGGAGGTGGAGCTTGCAGTGAGCCAAGATTGTGCCACTGCACTCCAGCCTGGGGGAAAAGAGCAAAATTCCATCTAAAAAAAA
145,GGGCGGATCACCTGAGGTCAGGAGTTCGAGGCCAGTCTGGTCAAGATGGCGAAACCCCGTATCTACTAAAAAATACAAAAATTAGCCGAGGGTGGTGGCAT
146,ACAAAACTGGAGGTACAGTTTTATATTTTAAAACTGAAGGTTTTTATGGTGTAATGACTGAAAGTAGCCCATGAATATCATGTGATTCTGGGTGTGGCAGT
147,TTGTTCATGATTGCTCCTGTGTAGCACATGGGAGCAATGTGGATCCTTGCAAAATGCCATACCTCAGCTTCTGGTGGTTCTTTGCATTTCTACAGGGTGGT
148,TCATTAAAGTCCCACTCAACCTTCAAAGGCCAAGCACTCAAGTTGCTTTCGCAATGCTGGTAGCTTTCTGTCTATTGCAGAGGCTTTCATGCTGTGCAGTG
149,AGGATTTGATCCATGAATCGTTGGGTCCACTGCTGCTTCCCAGGTATTGCACAATATCCTCTTCCCTTCACAGCTACAACCTCACATTCTGATTTTGAGAA
150,TATGTGAAGCAGTCCTACAAAACATGGTTTACTTTGGACATACACATTTCATAATAGAGGATTTATTTAAATTGCTTGCAGTTGTAGTTGATGTGGCAAAA
151,CGAGGAAGTCCTCTGCTCACCTCGTTTCCTCTCAGTTTACAAACTCTTGTGCAACATGCCACTCCTCCCTGCCCCTCATAGTTTCCAAGCCTTGTAAGAGC
152,GGGAAGCTGAAACATAATACTTCTACTAACATCTCTCAAGCCCAAATTTAGTAACATGGCCACATCTAGCTGTAAGGGAGGCTAAGAAATGCAGCCTTTAT
153,GGGCAAAGGCAAAAGCTGCAAGGTCTTCTGAGGCCGACTCTGGACCTTGCACAATATTACTTCCACCACATGCTACCGATCAAACTAAGCCGCAAGTCCAA
154,ATAGATATTTCTTTGCCCTGTGAGACAATCCAGATCTTTGTAAGCATTGTAAAATTAAATCTGCCCTCTTGGCAGCCATATCAGACAAACCTACAAAATAT
155,ACCGATTTTCCTGTTCTTACAACAATGTGAACTATCATCATACACATTTCACAATAGTTACGTTGTTGCTTTTCTTACCCCATTCACAAATACATGCTGAA
156,TACAGGTTTCTGAACATTATTTTTTGAAAAGGGTGCCCTTTCCCTATTGAATAACCTTGGAAGTGTTGATGAAAAAGAGTCAAATTCTGTAAACTATTTCA
157,TCAGAGTTAGCCAGAATAAAAGAGCTCAATCTTCAGAGCTCTTTCATTAAACAACTCTCTTTCAATATTCTTAAAATATCATGGAGTATCATCATGTTGCA
158,TCTGTCGATGGACACTTAGGTTGTTTATCTTGGCTACTATGAATGATGTTGCAATCAACATGGAAGTGTAGCTATCCATTCAAGAAACTGATTTCATTTCC
159,GTAAACTGTCGTGTCACTGGTGGGAGTGTCTCTTAGCATGCTGATATTTTATAATTAGTGTATAATGAGTCATGAGGACGAACAGAGGTCACTCTCATTGC
160,TTTTTTAAAAATTGTTAAACATTTTTTGAGACAGGGTTTTGCTCTGTTGCGCCAGGCTAGTGTGCAGTGGCATGATCTTGGCTCACTGCAGCCTCTGCCTC
161,TTAAGCAGGAAACATTCCCTCTGAAAACCGGCACAATACTATAGTATTGCACAACATAGTATTGCACAACATGGTATTGCAAGTTCTGGCCAGGGAAATCA
162,AGAAAATCCCATTTTCTAAGTAGCAATTCAAGTCTGCTGCAGAAAATTGCATAAGAAAAGAGGAGCCAAATGTTAGTCACCAAGACAAAGGGGAAAATGTC
163,AAGGGTACTTAACAGTATTTTTCTAGCTATGAAAGTCCTCGCCTGATTTCAAAATATCCTTTAAAATATTCACTAGCCAAGTGACCTCAGGTGAGTCTCTC
164,GTGGAAAGATCATGAGGTCAGAAGATCGAGACCATCCTGGCCAAAATGATGAAACCCCATCTCTACTAAAAATACAAAAATTAGCTGGGCGTGGTGGGACA
165,TACATAGGGGTTGTGGGGGCAGGGGCAGCTAGTGCTGTTACAGTGATGATGCAATGCGGCCCCGTCCCAAGTGGGGTGGGGGGCACTGTCCTGCCCTAAAT
166,CTACAGTTTACTTTAGCTTCAGTGCCCATATCGTAGAAGGGTTCAGTTGTAAAAGAGGTCAAAAGCCGTATTGTGTAATGCGAACCCTTCTTCCAGGTTGT
167,GAGATAAGAATTAGAAGAACCAAGTAAGAAATGCTAGAGTTGAAAATTACAAAACTGAAATACAAAATTCGCTAGAGGCACTCAACAGCAGATTAGAGATT
168,AGGTACATCAGTTCCAAAACTACTAATCTACTTTCTGTTCTATGGATTGTCCAATTTTTTTATTTTTTTATTTTATTTTTTGGAGACAGGGTCTCACTCTG
169,GGAGAATTGCTTGAATCTGGGAGGCGGAGGTTGCAGTGAGCTAAGATTGCGCCATTGCACTCCAGCCTGGGTGACAAGAGAAAAACTCCATCGGAAAAATA
170,TGCAGTGAGCCGAGATCGCGCCATTGCACTCCAGCCTGGGCAATAATTGTGAAACTCCACCTCAAGAAAAAAAAAAAATGCATAAGGCAGCAGTCCCCAAC
171,CCAACCTCCACCCCTTCCAAGTGCTTAGTACTTTTTGGCCTGAGTATTTAGCAACATGTTGAAATACAGATTAAAGCAATGAGCCCATTTAAATAAACCGG
172,AGGAGACATTTGCTTTTTAATGGACCCTAAACACTGGGATCTGAAATGTCACAATCTTTACATACTGGAATGGACACGCACATAAATGCTGATGAACAGCT
173,GTGAACCTTGCCCTTGGGAAATCACACCTGGCTTTTCATCTATTTATTGCGTCATGTGCTCCCCTAGTTTTCATTAATCTCTACCTCAAAAACCTACCCCG
174,TTTTTTTTTGAGACGGAGTCTTGCTGTCACCCAGGCTGGAGTGCAATGGCGCCATCTCGGCTCACTGCAACCTCTACCTCCCGAGTTCAAGCGATTCTCCT
175,GATCAGATCTTATTCATCTTTGTATTCCCAGCGCTCAGCACAGTGCTGACACAACAGCCACTTCAAACATGTTTTAGTATTTTTATTATTAAAGAAACGCA
176,AGGCAGATTGCTTGAGTCCAGGAGTTTGAGACCAGTCTGGGCAACTTGGCGAAATCCCATCTCTACAAAAAAAATACAAAAATTATGCGGGCATGGTGGCG
177,CAACTGCTTTGCATTACAGATAGATGTCCATACACACACATTTGCATTACGCAACTGCTTTACATTACAGATAGATAGACTTCCATACACACACATTCGCA
178,GTGGGCAGATCATGAGGTCAGGAGATCGAGACCATCCTGGCCAACATGGTGAAACCCTGTCTCTACTGAAAACGCAAAAATTAGCTGGGCGTGGTGGCGCA
179,TTTTTTTGAGACGGAGTCTTGCTCTGTGGCCCAGGCGGGAGTGCAGTGGCGCAATCTCGGCTCACTGCAAGCTCCGCCTCCCGGGTTCACGCCATTCTCCT
180,TGTAGAGAAATTGGAACCCTTGCGAATTGCTGGTAGGAATGCAAAATGGTGCAACTGCTGAGAAAAACACTTTGATGGTTCCTCAGAAAGTTAAAATAGAG
181,CACCTTAATGCTGGAGGGGATGGGAGAAGAAAATCTGTTTTCTATATTTCACAAGCACATCTATTGCACAATGTATACACATTGCCTCATTATGTGAGATT
182,TTTTTTTAAGACAGAATCTCACTGTGTTGCCCAGGCTGGAGTGCAGTGGCGCAATCTCGGCTCACTGCAAGCTCCGCCTCCCGGGTTCAGGCCATTCTCCT
183,TTGGGGTGATGAAAATGTTCTAAAATTAGATAATGGTGTTGGTTGGTTGCACAACCTTATGAATATACTAAAGATTACCGAATTGCACGTTTTCAAATGGT
184,TGGCAGATCACTTGAGGTCAGGAGTTTGAGACCAGCCTGGGCAACATGGTGAAACCCCATCTCTAACTAAAAATAACTAAAAATACAAAAATGAGCCGGGC
185,GTAGATTGTATTATCTATGAGTCATTTCAGGTCAGCAAAGAGAATGTTACAAAATATCTGCTCTGAAAAAGGTGAATAGATCTGATAGGGTTTGTGGTTGT
186,AAAAGGAGAAAAATAGTTATGGAAGCGCTTTAAATCGTGGACCTCATTGCGACACCCTTAACAACCCTATCAGGCAGAACAAATTGCTCCGCAAACCTGCG
187,AAAGAACATCAACGACGCAGGTAAACAGGACGACAAGCATCCACGATTGCCCAACCTTCCGCAGAGATGGCATCCCCAGCGGGAAGTGAAAGTCGTGTGAA
188,GCCCTCTGAAAGCACCCAGAAATGAAGCCAATTGACTATATTCAACTTACACAACAGTTAAAGGAACATAAGTCCTTTCAGATGAGAAAGAATCAACACAA
189,CTTATGCCAATGACTTCCAGAAGGACTCCTATTGCAAAATGTGTTATGACACAAGGGTGCAGGTCAGAGGTTATATCAAGATATGAACGGGCATTACCGTG
190,AACCAACTGGGGAAAATGCAGCTTTGAAAATGGGTCTCCCCCTCTGTGACGCAACACATTGCACCAGTGTACAGATAACAAAGTGTTTAAAAGAAATGCTC
191,TATTCATCAAGATACCTACTAGGGTATAAACATTGTTAATATGTTCTTAGGCAATAAAAACTTATTCTTCATTTCTTGGAAATTCAGCTGCATAAACTCTT
192,AACTAAAGTTCAAATCTGAAGGCTTGCTGAAAAATAAAAAACTAGTTTGTGTAACTGTACACTTTGATATTTATTCTAGTAACTGCTCATAGTTTGTAAAC
193,CACACAATCTGGATTGTACTTTAAAAGGGCAGGAACTCAAGTTTAATTGAGCCACAGGCAGGCAGGTGGTGTGGACATTACTTCTAGCATAGAGATCTCTC
194,GGGGAATCTCTTGAACCCGGGAGGTGGAGGCTGCAGTGAGCCGAGATTGCGCCACTGCATTCAGCCTGGATGGCAGAGCAAGACTCCATCTCAAAAAAAAA
195,ACATATTTACATATTTATCACACTGCATTTCTATCCCAGCTCAGAATTGTGCAACTTTCTTTAAAAAAAAAAAAAAAAAAAAAAGGATATCCTGTCTTCTT
196,TACAGGGTTTGTTATAGAAGAGTCCTCAAATACAGGCATGAGTTCATTACACAATAAAATATGCACTGAATCTTGTCTCTCCACTTTTTATCAACAGACAG
197,AATTGAGCGCCCAGCTGGCTTCTGCAGAACTGACAGGAAGCTCCTCTTTCACAATATTCCCGCCAAAAAGATACATTTCTTAACTGTAAAGAGCTGGACTA
198,GAGGCCAGGTCTCCTTGAGAAAGGACCTCACTACACTACAGAAAATTTATGCAATGAACCTTTCTCCCATCCTTTCCCAAGGAGATCTCCCAAGGAGATTT
199,TGTGTGGACAAGGGTGGGGTGGTGGGACGGTGGTACCCAGAAGGCATTGCGACATCCCCAGTATACACACACACACACACACACACTCTCTCAGGTCTCAT
200,GTCAAGTAAGCGATGGGGAAACTGGGGCAGGGAGCGATGAAGTGACTTGCGCAAGGTCACAAGATGATGTGATTGGAACCAAGAGAAGTGTTGTGGTTGGC
201,CAACTTGGTTTGTCCAAGGTTCAAAGGTGTGACAAGAGCAAAGAGATTGGGCCAGCTCTTCTCCAGGGATTACTCCCTCCCAGTAAGGTTACCCCCAAGGT
202,CTTCGGGGGCGTGGGTTCGAATCCCACCGCTGCCAGTTTGTGGTAGTTTTGTCACTTTTGTCCCCTATGGGTTACAAAAGGAGTAATGGGCCCCACACATA
203,GTTCCAGTACACCCTCGGGAAGGGCACCCTGCGGATTCTTTTGGTGTTGCACAACCTTGTCAAAATTAGATAAGTTTGTTAACCTTTATACATTTGTTTAC
204,TCTGCCTGGCTGTGTGTGTGTGTGTGTATTTTTAGTAGAGATAGGGTTTCACCATCTTGCCCAGGCTGGTCTTGAACTCCTGGGCTCAAGCGATCCTCCCG
205,TTTGAAAGCCAAACCATTCATTGTCACCCATGGATGATGACTGCTGTTACGAAACACACCAATCCATGAGGATGGTGAAATGATGGACAGAAATTTCTAAA
206,TTTTTGTATTCCTCTGCTTTTGGAAGAGTGTATCCTTTTCAATTTGTTGAGAAAGCCATTAACTAAGAGAAAAAGATTTAAAGCCATGAAATCTTTTCTCC
207,GGAGAAATGCTTGAATCCTGGAGGCAGAGGTTGCAGTGAGCTGAGATTGCGCCACTGCACCCCAGCCTCGGCAACAGAGACTCCAACTCAAAAAACAAAAA
208,ATGAAATGTTGCTTGAATAAAGGGATTTGAGTTCTCCCTAGACGTATTGTGAAATTGCTTCTTGAAGTCTTGCTGAGTCTCACTTCCTCACCCATAAAATG
209,TCATGTCGAATTGTGCTGACAACCAACCTCTAGGCAGCAGTTACTCTTTCAAAATCCTCCTTTCCATTCTTCTTTCTGGAAGCTCTCCCATCCCCTGTGAA
210,TACCAGCTTCTTGACCTCGAGCAAGTTTCCTTAACCTGAGGCCCAGTTGCATAATCTGTGAGATGGGAAAAAATCTGCCTATGTCATTGGGTTGTTTTAAG
211,GTCACCAAGGCTGTTACTGCAGCCCGGACCCCACATTTATTGGTTCTTGCATAAGTAGAAATTAACACCAGGATAAACAGAAATTTTTCTCGGCCACGATT
212,TAAGTACATTCACGTTGTACAACCAATCTTCAGATCTCTTTTCATCTTGCAAAACTGAAACTCTATGCCCATTAAACAACTCCCCATCTCCCCTCAACCCC
213,TTTTTTTGGAGACAGAGTCTCACTCTGTCACCAGGCTGGAGTGCAGTGGTGCAATCTTGGCTCATTGCAACCTCTGACTCCCTGGTTCAAGCGATTCTCCT
214,TGTGCCTGTACCGGCACTTTAGTTTTTGTTTTTGACTTGACTTAGATTGCTTAATACTCTGGTTTTGGTTTTGACCTAACTTAGATTTCTAGATACTCTGA
215,ATTCCCTGAAAGCTAGAAACTATTACAGCACTAAAATAACAGACAATTGCATCACACATTTCAGCTCCCAGCACTGTACCTTTAGGATCACTCAGAACTGA
216,CTAGTATTTATTCTTCTGGACTACATCAAGTACTCTAAGCCTGATGTTAGGCAATAACTGCCCATTAGCCATTGGCTACATTTGCCTCTTTCTTGTTCCAA
217,TCCTAAATGACAAATATAAAACTCTAAATCTAATTAACAGAACCAGTTACATAATCTTTAAGTTTCAATGCAAGATAAAAAATGATAAAATTGAAGTGGGG
218,TGATCTTGGACTTCACATCCTTCAGAACTGTGAGAAATCAATGTTGTTAAGCAACCTAATCTGCAGTATTTTGTTACAGCAGCTTGAACTAAGACAGCAGG
219,TTAATTAGAGACAAGTTCTCACTCTGTTGCCCAGGCTGGAGTGCAGTGGTGCAATCATGGCTCACTGCAGCCTTGACCTCCAGGGCTCAAGTGATCTTCCC
220,TGTCGGAAAAAAAAAAAAAAAAAAAGAATGCTTTTAAGTTCCTTTATTGAACAACCTAGTTCAGGACAAAGAATCAAAGAGGGTATTGGACTGGATGATGT
221,AGACACCAAGTGAGCACATGCTGCTGCGAAAATGCCACAGGTCAGCTTGCTCAACGCATGGTTGCCACCCACCTTCAATTTTTAACAAATGCAGTATGCGA
222,CATCAGAATGATGTTATAATTATTTTGCCATACCTGTATATGCAAATTGGACAAGGTCCCAGAGAGCATTGGGGTCTATGCCTTCCATTTTGATCTCCTCT
223,AACTGAATTTCCTAGTTCACATCCTGGCTCAACTTCCTGCTACCACTTGTGCAAGTTATTTAATCCTCTCTGGCCTTAGTTTCCCCATCTGTAAAATGGAG
224,TTTTTTTGAGACGGAATCTCGCTCTGTCACCCAGGCTGGAGTGCAGTGGTGCAATCTGGGCTCACTGCAACTTTTGCACCCCGGTTTCAGCAATTCTCCTG
225,GAGTCATTGCCTATGTAGTCGTGATGTTTCTTCCAAACCTCTAGAGTTGCATAATCCAATATGGCAGCTGCTAGTCCCATGAGGCTATTTTAGTTAAAATT
226,TAGCCCTGCCAGTACCTTGATTTTGAATTTCAAGCCTCCAGAACTGTGACGCAATAAATTTCTGTTGTTCAAAGCCACCCACTTTATGGTACTTTGTTATG
227,GGTCGGATCATTTGAGGTCAGGAGCTCAAAACCAGCCTGGCCAATATGGTGAAATCCCTTCTCTACTAAAACTACAAAAATCAGCCGGGCGTGGTGATGGG
228,CAAGCTGCAGCCCTTGAGGGGGTCGGTGGCGGGGAGGGGGGTGAGCTGGCACAACCCAAACACAAGCTGCAGCCCTCGGAGAGGGGGAAGTTGGCGCAATG
229,ATAGCATCATGGACCTCCCAGTCTCCAGAACTGTGGGAAATAAATGTTGTTTAAGCCATCCAGTCCATGCTATTTGTTATAGCAGCCCGAGCGGACTAATA
230,ACCTTGTCTTTTTGGTCTTGGAAAGTGTGTGTGAGTGGTTGTTTTGTTGGGTAAACATGTGGCAAAGAGGAGCTTCTTGTCCTGGGTTAGGGCATGCATCA
231,AGCGGTAGGATGACCAGGTAACAGCCGAAGGTAACACTAAGAATTGTTTCAAAACCAGCATTATTTTAGAAACCAATGTTATGCAGATAATCTGCCTGTTA
232,TTACCCCCTGTCACATGGGGGCGTCAACAAGGCTCACAGCTTAGGATTGGGCAATGGGTTAAAGGAGATCTTTTCTAAATTGTAGCACTATAAAAATGTTA
233,ATGAGAATCGCTTGAACCCGGGAGGCGGAGGTTGCGTGAGCCGTCATTGCGCCACTGCACTCCAGCTGGGGGACAGAACGAGATTGTTTCAAAAACAAAAC
234,ATGGCTCCTGGGCCTCCTCGGGCCACACCCGCCCCTCCCGTCACCATTGCGTCACGTCCGTTACGTCACCACCCGTTGTCACGGATCCGGAGGGAAAGGCG
235,TCTTCTTTGACGGAGTTTCGCTCTTGTTGCCCAGGCTGGAGTACAATGGCGCAATCTCAGGTAACTGCAGCCTCCACCTCCCGGGTTCAAGCAATTCTCCT
236,TCTGCATTCCCTCTCTAATCTTCTCTCCAGTCTCCGCCTGTTGGTGTTGCATCATTCCTGCTCACAGCCTCGCTCCATTTGCCCCGTTTAGGGAGCTACGA
237,TGCCTCTGTCGGTACCAGAGCCTGATTCTGTAGGTTCAAATCCTTGTTGTACCACTTAATGTCTTTGTGGTCTTGGTCATGTGATTTAACCTGTCTAAGCC
238,TACTCTGAATCATTTGACAAATGCAACTGAACCCACCACGATGGAGTTGTGTAATACCAAGGTTACATGAATCTTTCTCTCACATAGTTTGCAGTTGAGGA
239,CTGTCTGAAAGATTTATCATGGGACTCAATATCTGGTCCTACTTTATTGTGAAATTGTTATCAGTTTGATAACCCCCTTGTATGTGCTTTCCTTCACTTTC
240,TTTTTTTGAGACAGAGTCTCATTCTGTCGCCCAGGCTGGAGTGCAGTGGGGCAATCTTGGCTCACTGCAACCTCCATCTCCCGGGTTTAAGCAATTCTCCT
241,TACCCTCTGTCAGACTTTCAACATGTAAGTAAGAGTTTAATTAAGATTGCAAAATGACATCAGGCTTCCCCTAAAGCCTCAGTTCCTTTCTGGGCTTGCCT
242,CATGAAGAAACAACTGCTAGTCCTCTTTTTGAGAGCTTTCTAGAAATTGTGAAACACTTTTGCTACATTCCATACAGTCAGAGTCATCCACTAAGGATAGC
243,TAATGTTAGTCACACAGACATTTCCCTGACAATATGTGGGAGGAGATTACACAAGAGCATGAATACTGGGAAGCTAGCTGTCACAATTTGGCCCCAATGAT
244,CACTCATGATTGGGAGCTAAGCTATGAGGATGCAAAGGCATAAGAATGATACAATGGACTTTGAGGACTCAGGAGGAAAGGGTGGGAGGGGGTGAGGGATA
245,CGTCGCCAGGCACCACCCCGCGGGGGCGGGCGCGGGCCGCAGAAGATTGGGCCACGGCGGAAGCCTCTCCGCTCCCTTAGCGGGAAAGCTCTGCGCGTGAC
246,GCCCTAGGGTCGGGGCAGGGGCACCATGTTCCCAGAAGAGCTCTTCTGTCACAATGGGGTTGGCGCCCAGAGAGCAGACCAGAGCCCTTGGGGAAAGTCCT
247,CTAGATTATGTGAGTTCTCTTTTTCTTCTGTTAGCTATATAGAAGATTGTGACATATTGCTTGGCCCAGACCTCATGTGATGTGAATCTCCTCTCATGCCT
248,TTTTTGAGACCGGAGTTTTGCTCTTGTCACCCAGGCTGGAGTGTGATGGTGCAATCTCAGTTCACTGCAGCCTCCGCCTCCCGGGTTCAAGGAGTTCTCCC
249,GCCACAATAATTGAAAAGTCAACAACATTTAATATAACTAATTATATTACATAACTTGAGACATCTTATTAGACTAAGAGGATTGCTAAATTGCCCTTTTA
250,GCCTCTCCAACGCCCCGCACCCGCCCCCCTCAGAAGCACGTGCGCCTTACGTAATTTCCTGTTATTCTTCGGTTTGCCTCCTCCCAGTGGCGTGGATTTGC
251,TCTACCTTTTTAAAGTCCCCAATTCAGTGGCTTTTTATTCACAGAATTGCGTAACCATCACCACTGCTTAATTTCAGGGCATTTTCAGAGCACCCCTCAAA
252,GGAGAATCACTTGAATCCAGGTGGCGGAGGTTGCAGTAAGCTGAGATTGCGCCATTGCACTCCAGCATGGGCAACAAGAGCAAAACTCCATCTCAAAAAAA
253,GCACCACCATGCCAGGCTAATTTTTGTATTTTTAGCAGAAACGTGGTTTCGCCATGTTTGCCAGGCTGGTCTTGAACTCATGACGTCAGGTGATCCACCTG
254,GGAGAATTGCTTGAACCCCGGAGGCAGAGGTTGCAGTAAGCCGAGATTGCGCCACTGCACTCCAGCCTGGGTGACAGAGAGAGACTCCATCTAAAAAAAAA
255,CTCTCTTTCCTTTCTTTCTCACTGTGTCGCCCAGGCTGGAGTGCAGTGGCGCAATCTCAGCTCACTGCAACCTCCGCCTCGCGGGTTCAGGCGATTCTCCT
256,GTGCTGGAGGGGAATTCAGCCCCCATAAAAGATCACGGATTAGGAATTACGTAAGCATAGGTCTCGGGCCCTTTTATCTTGGACGCGATCCTTCCACGGGA
257,AGGACTCACAGTTCATTGGATCATTTGACTAAATTCCACAAAATTATTGTGAAAATAATAGCAGCGTACTATTATTGAGCACTTACTATGAAAGCACAAAC
258,ATTAGATGACCATCATTCTCAAATATATCTCCAGGTAAGGCCTTGGTTGCACAATCAGTTTGTACAATTATATCCTGTTTAAAAGGAAGACATTCTTATTA
259,GGCCCTAGGGTGGAGTTTCGCTCTTATCACCCAGGCTGGAGTGCAATGGCACAATCTCAGCTCACTGCACCCTTTCCCTCCTAGGTTCAAGTGATTCTCCT
260,GTGGTCGGATCACGAGGTCAGGAGTTCCAGACCAGCCTGGCCAACATGGTGAAACCCCCTCTCTACTAAAGATACAAAAAATTAGCTGGGCGTGGTGGTGC
261,AAATAACACTGGAATCAATAACTTTATTTTTTTGTGAACTCAGAAATTGCATAACCCCATCAGCAGCCGGGTGTCTCCTTTCAGTGCAGCTGCTGAGAACT
262,ACCATTTTAAGCGTACAGTTCAGTGGCATTAAGTACATTCACATTGTTGTGCAACTATTCCTATTATCCATCTCCAGAAATTCTCCTCTTGCAAAACTGAA
263,TGCTATGCATATTTAAATAACCAAATTTCACAAGAACTCACTATTATGACACAACAGCATGGGGGATGGTGTTAAACCATGAGAAACCGCCCCCACGACCC
264,TGCCGCTGCTGAGATTTAGGTGACGCATTTGACTGACACTGGACACTTATGCCACTGGAATTGCAGAGACCAGTTCCTGCTTATCCTGGGTTACCTATCAG
265,CAGGAAAGACCCTGCGAGGTCAACATGCCGGCCATAAGGACGGCAATTTCACCACCCAGGTTCACTGAGCACCCACTGAGGGACCCAGGACCCCAGAGGGA
266,CACTCCTAGTACCCACCTGCCATGTTAAGGAGTTCACTCCACCCCATTTGGCAAGGACAGTGTCTGGATCCCAGGCTGGGGGTGGGGGGAAGTGTGGGAGA
267,AAAATATTTTAAATCCAAGCCACTAACATTGCTGAGTCATGCTAAGTTGTGCAATATTATGTTACATTCCATCTGGCATTAGTTAATATGATAGGATGTAG
268,ACCATGCCTGGCTAATTTTTGTATTTTCTTTTTTGTAGAGAAAGGGTTTCGCCATGTCGCCTGGTCTAGTCTTGAACTCCTGGGCTCAAGCATCCGCCTGC
269,AGATGCAGTGTAACCTGAGCTCCTCGGCTTGAGCCACTGAAAACACTTACACAACGCTGGGACCTTTCCAAATTGACTTGTTTCCCCTTAAGAAAGGGCAA
270,TGGACTCAGGGCTCAGCCACCCACCAGGTAGGTGACCTTGAGCAAGTTACATAACTTTTCTGTTCCTCAGTTTTGTCATCTGAAAAATGGGCATAACAGTA
271,AGGAATCACCCAGGCCCTTATTTCCAGGTTGCACTTACAGATCGGATTGTGCAACCAGAAAAATGCCGTCAGAAGGAAGTGGGGTGGCTTGGGGGACTGAC
272,TGAAGTGGTTTGAGGTTGGTTTGTTAAGGCAGATAAATGATTGGGATTGGGCAAAGTGCATGATATGATAGTTTAGCATAAGTAGACACAGCTAAGTGGTA
273,CAGGGAAACTTGGATCACGCCCAGACCCAGCCCTCGGGAAGGAAGCTGGCACAAGGATGCCCCACCCCAGAAACGACACAGAAAGGGTCCAAGATGGGGGA
274,GGAGGATCCTTTGAGCCCAGGAGGTCAAGGCTGCAGTGAGCTATGATTGCACCACTGCACTCTAGCCTGGGCAACAGAGCAAGACCCTGTCTAAAAAAAAA
275,GCTCAGTGAATATCCCCATATGTATATGTATATCTTTGATCCCCTATTGCGTAATCCTCCTAAAACAATTCCTAGCTGTGGCTCACGTCTGTAATCCCAAT
276,TGTAAGTGATCAGCAGCTTTCTCTTTTAACATATACTTTTATGTTATGTTGCAATTTTGAAAATAAATGAACAATTTAAACACATTAACAGAAGCTCTCAC
277,TCCATGCTTTCAGAGAGGAGTCATGCATCCTAGAATCAGCCATGTATTGTGTCAAATGGCAAGAGGTATTTCCTGGAACATTTCTTAATTGTGTTGCTCTT
278,CTGTGAGACAAAAGTTCTGAGGTATGAGTTAATGTCTGGCTAGATGTTTTGCAATAGAAAGGTAACTAGCTCTTAAAGGGACAAGATGCACTTTATCTTAG
279,GAACAGGGCGCACGGTCCTTGTTGCTGTTATTATTATTGGCTATTATTGCGCAAAGGGGAAGGGAGGCGGGGCCAAGCCAGGAAGGCCCTGGAGAATCCGG
280,AAAATTAAGTTCCATTGCCCTTAAACTATGGAATTGGTGCTTTTACTTACTCAACACAAGTGAGCATACATGTCTTAGATGTCAGGGTGAGTAAACATGGT
281,ATTTCCCTCCATTTTAACCAATGAAATGTGTTCCTTATCACTATGGTTACATAACAACTAGCTCCCACAGGTGGAATCCAGCCTCACCAAAGCACCTGGGA
282,AGTTGTTGTCTGTGTTCAAATTAGGACTGGAGCAGACACGGTGTTGTTTTGCAATTAAGGTATTCTTCCAGGCCACCTGGCAGGTATTCAACTCTTACAAG
283,TTTTTTTCCAACAGGGTCTCACTCTGTCCCCAAGGCTGGAGTGCACTGGTGCAATCTCAGCTCACTGCTGCTTAGATCTCCCAGGCTCAATTGATCCTCCC
284,CCATTTATAAGTGCATAATTCAGTGGCATTAAGTACATTAACCATGTTGTGCAATCATCACCATTTCCAGAACTTTTTCATCATCCCAGACTGAAACTCTC
285,AGCTGATGAACCAAAGGAATCCCCAAATTCAAAACATAGTCATGCATTGCTTAATGACGGGGATACATTCTGAGAAACGTGTGTTGGGCAATTTCAGCATT
286,GCGTCAAGCACCGCGGTGGATGGCGCAACCCAGCTTTGGGAATTAATTACCCAAGGCGCGTTTCCGTGCAGTCTGGCCTCCCTCCCTGAAGGCTTCTTAAG
287,TTTTATACATATAGGAATCAAGGCTCAGAATCTAAATGCAATTAACTTGCTCAAGGTCAACGGATAATCTACCTGACTTCAAAGTCCATACGTTTTCCACT
288,CAGCACAATTAGGCCATGTGACATCATCTGGAAAATGAGATAAGAGTTGCTAAATCTACTTGCAATTGAATCTTTATTTTAGAATATTTTTCTGGAGGAAA
289,TCTATCTTATGGGTATATTGAGATTTAAATAGGGAAAAATGTAATATTGCACAACATGTTAGGAGTGACTTGTCTTCAAAAATACTGTAGGCTCTGTGAAA
290,ATTACTATTGGCATTTTGAAAGCAGAAAATCACTTAATTGCAATGGTTGAGCAATAACCAGTCTTTCGAATGGACTGCACATACTTACAAAATTTGTAGAC
291,AGGTGGATCACCTGAGGTCAGGAGATCGAGACCATCCTGGCTAACATGGTGAAACCCTGTCTCTACTAAAAATACAAAAAAATTAGCCGGGCGTGGTGGCG
292,ACTCATTTTCTTGAGTTTACAGTAATGCCTCCCGCGCTGCTCCGGGTTGCAAAAGCCCACACTAAGCCTGTCGTCGAATGCGTGCGTGGGTGGTTTGTTTG
293,CCGCCACTATGCCCAGCTAATTTTTGTATTTTTAGTAGGGACGGGGTTTCATCATATTGGCCAGGATGGTCTCAATCTCTTGACCTCATACTCTGCCCGCC
294,TACATTAAGCAATAACTAAAACCGTTTAGCAAACTAGGCTACAGGATTATGCAATAGTTGAGTGTCTATAACTTGACCACTCTAAAACATAAACAAAGATA
295,GGAGAATTGCTTGAACCCAGGAGGTAGAGGTTGCTGTGAGCCAAGATTGCGCCATTGGACTCTGGCCTGGGTAACAAGAGCAAAACTCCGTCTCAAAAAAA
296,CTTAGCATTGGATAAGAATTAGATAAGACAGTCAGGAGATGAGGGCTTATGCAAGCTGATGCTCTGAACCTTTTACCTCTGTGTGTTCCCTGGCAAAACTT
297,TCATTTACTAGCCATAGCCACAGCCACTCACACCAGTATTTACGTGTTGCACAATACTGCCATGAAGGTCAGGCCATCTTTCTTTCATGTTGCCTCACTCC
298,GGAGAATCTATTGAACCAAGGAGTTGGAGGATGCAGTGAACCGAGATTGCGCCACTGCACTCCAGCCTGGTGACAGAGCGAGACTCCATCTCAAAAAAAAA
299,CCCCAATACTGTTCTTGTAGTGAATGAGTCTTATGAGATCTGATGGTTTTATAATGGGTTTCCCCTTTCACTTAGCTCTCATTCTCTCTTAACTGCTGCCA
300,AGAGAGTTAATATTTATATTTTTAGTAATTTTCTGGTAGAAGGAAATTGCACAATAAAATGATTTGGTTTGGTTTGCTGGCTTTGTCTGTTTTTCCTCCTG
301,TTTTTTTGAGACAGAGTCTCACTGTATTGCCCAGGCTGGAGTGTAGTGGTGCAATCTCGGCTCACTGCAACATCGGCCTCCCAGGCTCAAGCGATTCTCAT
302,CCATCACCACCACTACAGTCAGCACCCTGATTAACCAGTAGAGCTATTGCAAAAGGAGATCAAATAGTTACAGTATACTTCATAGCTATTGGAGGCATGTG
303,TTCTGTTTCCTTCCTTCCATGGAAGGAAGTGTGATAAAATCAAGGATTGGGCAACTGAGGGAGGTAAAATAAAGCAGGAGATCTCATGGCCTGCTTCAGTT
304,TTCTTTTACAGTGTACAATTCTGTACTTGTTAGTATATTCACAAGGTTGTGCAACCATCACCCCTAATTCCAGAACATTTTTATCACCCCCAAAAGAAACC
305,GTAATTCTGAAGCATGCAGATAAGGTATTATTGCTTGGTCCCAGCATTGTTTAACATAGGGACAGAGAATCAGGTTGGGCTTCAATTATTGAGTCTCACAT
306,AGGTGGATCACTTGAGGTCAGGAGTTCAAGACCAGCCTGGCCAACATGGTGAAACCCCAACCCTACTAAAAATGCAAAATTCAGCTGGGCATGGTGGCACA
307,GCGGTTGCCAGCGCTGCCCCGGGTGTGTCTGGAGGAACACTCCCTGTTGCCTAACAACTGCTGTAATGTAACGGAAATAGAAGCACGATGCCACACATCCC
308,CTTGGAACTAATTTGGAATACCACTTACCACTTACCAGCTGTTTCCTTGGGCAAGTTATTTATGTTTTCTCAGCCGGTTTAATCATCTTCAAAATGAAGAT
309,CACCACCATGCCCAGCTAATTTTTGTATTTTTTAGTAGAGACAGGGTTTCACCATGTGTACTTTCAATGTTTATAATTTAGCCTATTACAGTTAACAGATC
310,ACTTTGCTTAGATGTTTTTAGGGTGGGGTGTGTAATATGTACTGAATTTTGTAAACATTTTATGGACATACAAATTTCAGTGTTTACTTTTTCAGGCTATA
311,ACTATATGCACATTGTTGCTCAACAGATTGCTAGAACTTTTTCATCTTGCAAAACTAAAACTCTACACCCACTGATAACTTTCCTTTCCCACCCCCCCTTC
312,ATGTAATTCCACCCCAGCTCCTCCCAAATCTCATATCCTTCTCACGTTGCAAAATACGATCATGCCTTCCCAACGGTCCCTCAAAGTCTTAATTAATTCCA
313,TGGTTTGGTCCTGGGCCTTGGCCTTTGGCTGGCACAGCCTGAGCCCTTTGGCAATGCAGGCACAAGCACACGTCCAAAATTTGGGGTAGGCAATGTAGGCA
314,TGATACCTTCAGTATAGAATTAATGGGGTTCTGGACAGCCACGGCATTGCCAAATATCAAAAAAACTTTAAAAGGTAGTCCCTTACTGGCAAGGTACTTCC
315,CTCCTAATTTGTGACTTTAGTTACAGATCCCCCTGATCTGTTGTTATTGCAAAAACCTCCCTCATCATTACTGAAATAAATAATTCTTTGTTGTCTCTTGC
316,GGAGGATCACTTGAGCCTGGGAGGTCGAGGCTGCAGTGGGCTGTGATTGCGCCACTGCACTTCAGCCTGTGTGATAGAGCCAGATCCTGTCTCAAAAATAA
317,AGGCGGGCAGAACACGAGATCAGGAGATCAAGACCATCCTGGCCAATGGTGAAACCCTGTCTCTACTAAAATACAAAAAATTAGCCAGGTGTAGTGGTGCG
318,GCTGTGTGTATATCCTGTTGCGCCTACAGCCACATGCTGCACAAACTTAAGCAACATGTGACTGTATTGAATGCTGTAACATGGTGTTTGTGTATCTAAAC
319,ATGCTCTCGGTAGTACTCAGCCACCATGCAGTCAAGTGACCTCTGGTTGTGTCATCTTCATACTGTGTTACCCCCGGAGGTGAGAGGGACAGGAGGCCACC
320,ACCAGATACCACACTGGGGGAATGAAACCTAGCATTGCCCTTGTCCTTGCACAACTTTGAGCCTGAAGGAGGAAGACAGACCATCACATATAGACATACCA
321,TTTTTTTTTGAGACGGAGTCGTTCTGTCGCGCAGGCTGGAGTGCAGTGGCGCAATCTCGGCTCACTGCAAGCTCCGCCTCCAGGGGTTCATGCCACACACC
322,CACTAGTAACTCTACAACATCTGCACATCAGATAAGTCATATCCCATTGCAAAACACATCCCTCAAGTGTCTAGGATTCTTCCCTTTTGAAAACTATCTCC
323,GTGAGGCTGGAAGGAGATATTTTCCTTTGTCCAAGAACCATTTGCCTTGAGTAAGGAGGGATTGATAGGTGGAAACTTCAGTGGGAGAGTAAGTAGGAGTG
324,TTTTTTTTAGAAAGGGTCTCACTCTGTCACCGAGGCTAGAGTGCAGTGGCGCAATCTCAGCTAACTGCAACCTCCACCTCCTGGGTTCAAGCAATTCTCCT
325,TCCAAATGTTCCTTTACTCTTTATCTCCAGAACCCAGCCACACACATTACCAAACAGATGGGAGCATTCCAACTTCACGTTACTGATAAGCCCTCTATCAT
326,TGTCATAATCTGTGATAGATTGAAGTGTGACTTCCTCTCTTGTCCATTACACAATGCTAAATTGTTGAAAAATGACCAAAAGATGGTTAGCCAAGTAGGAG
327,GTATAAATTATTGTGGCCCCTACTTCAATCACAAACAGCCTTCAAGTTGGGCAATTGCGTTATAGAAAAAGGAGAAGAGAACAGTTTTCAATTGTCTAGAA
328,ACTGGCAGCCACTAGGGGATGGGAGGGAAGTGAGAATAAGGGGTTATTGCTCAACGCGTGCAGAGTTTCTGTTGGGGACTATGTCAGCTAGACATGGTGAA
329,AGGCAGATCAGTTGAGGTCAGGAGTTTGAGAACAGCCTGGACAACATGGCGAAACCCCGTCTCTATTAAAAATACAAAAATTAGCCAGGCATGGTGGCATG
330,TGCTAATTGTGCCACCTTCTTGGCTTGAGTGTTTTTCAAGGAACAGTTACAAAACCTTTGAGGCACAGAAAGCGAATGAGAATCACGAAGTATTCTAGCGG
331,GTTTTAGATTCAGGGGGTACATGTGCAGGTGTGTTACATAGGCATATTGCGTAATGCTGAGGTTTAGGCTTCTACCAAATTAAATTCTTAAATAGAGCCCT
332,CTGAGTTTGAAACTTAGCTCAGGCTGGTCATTTGACTTTGGGCCAGTTGCTTAAGCTTTAGAAGCCTCATTTAAAAAATCTGTAAAGTAGGATGAGAATAT
333,CCAATATTAGCAAGTGTGTAGGAAAATGGCTTTTCTCATGCACTGCTTGTGAAAGCATAAAACCAGTGCAACCATTCTGGAGAAAAAAATTGGCAAAACTT
334,AACAAATGGAAGAACATTCCATGCTCATGGATAGGAAGAATCAATATTGTGCAAATGGCCATACTGCCCAAGGTAATTTATAGATTCAATGCCATCCCCAT
335,TTTTTTTGAGACAGAGTCTCACTCCTTCACCCAGGCTGGAGTGCAGTGGTGCAATCTCAGCTCACTGAGATGCGTGTGGTGTGGTATGGTGTGCCACCACA
336,CCAGCCCCGCCACAACAAGGAAGTATCTGATCCAAAATGTCCAAGGTTGGGAAACCCTGGCTTTAAGCCCTTTAAGGAAAGGGAAGAAAACAGTCCAATCA
337,GGAGAATGGCGTGAACCCGGGAGGTGGAGCTTGCAGTGAGCGGAGATTGCGCCACTGCACTCCAGCCCGGGTGACAGAGTGAGACTCCGTCTCGAAAAAAA
338,GAAAATATAAGAGGCCAGGAAACAACTTTGGAGAGAACATGGGAAGTTAGGCAATGGAGAATGTAAACTGGGTAGTTCCGAATAGGGCAACTGTAAAATTC
339,AAACCACCGTCAGAGTGAACAGGCAACCTACAGAATGGGAGAAAATTTTTGCAACCTACTCATCTGACAAAGGGCTAATATCCAGAATCTACAATGAACTC
340,TCACTCCAGGTTGCTTGGACAACTAGCTAGCTGAAGCTTTGTGACCTTGTGCAATCCAGTCATGTGCCTGTAACATGGCAGGTGGGAAACATGAAAGGATT
341,GGAGAATCGCTTCAACCTGGGAGGCGGAGGTTGCAGTGAGCTGATATTGCACCACTGCACTCCAGCATGGGCAAGAAAGCAAGACTCCATCTCAAAAACAA
342,GGAGAATGGTGTGAACCCAAGAGGCGAGGCTTGCAGTGAGCCAAGATTGCACCACTGCACTCAAGCCTGGGCGACAGAGCGAGACTCCGTCTCAAAAAAAA
343,GAAGAGGACATCATTATTCTTATTTTAGAGGTGACATCAAGAGGGATTGCGTAATATGCGCAAGAGACAGTAAAAGGAGGTGACTATAGGAAAGAGTGGTG
344,GCTTCATGGGTTCTAGTGTTCTAGTACCAGCTCTACTGTTAACTGGTTGTGTAACTTTGTGCAGGTCACATAATCATTCTATGCAATACTTGCATCATCTC
345,GGGGGCAGGATGATGGAAATGTTCTAAAATTATAGAGTGGTGGTTGTTACACAACACAGTCAGTATACTAGAAACCACTAAATTATATGCTTTATGAGAGT
346,AACTCGATTTAACACTTCTCACTGAAGGGGCTTGGCTGCTATTGAATTGCACAATCTCAGAGCTGGAAGTGATTTCCAAGATCCTCCAGTCCTCATTAAAG
347,CTTAAAATGTCTGCCCTTTATCCCATTCCTGCAAAGCCACTGGAAGTGGCGTAAGTTGTCAGGAGCAATAATGGCAGCCTATTTAAGTAATGATGTTATAA
348,CAGTAGCCGCGCCCAGACTTCCATCTGTGGCCAGCAGAGGGCAGCGTTGTGCAACTAAAGCCCCAGGATTCGGGCAAGGCCCCAAACCCAGAGGACAACTT
349,CACACACACGCACGCGCACAGGGCTCTGATAACCCCCTTCATTTCCTTGTGAAATGAAGTTGCTTCATTTTCTTACGAAGCACAGAGAAATGCCAGTTTCG
350,TTTTTTTGAGACAGAGTCTTGCTCTGTCACCCAGGCTGCAGTGCAGTGGCGCAATCTCTGCCCACTGCAATCTCTGCCTCCTGGGTTCAAACAATTCTTCT
351,GAGAATGGCGTGAACCCCAGGGGGCGGAGCCTGCAGTGAGCCGAGATTGCGCCACTGCACTCCAGCCTGGGCGACAGCGAGACTCCGTCTCAAAAAAAAAA
352,TCCCCCAGGGGGGGTGAGGGGATCCGGGTGGGGCATGCAGTCACAATTGTCCAATCCCTTCCTTCATGCCCCTCTGAGTCCGGTGCCCATCTGGTGGTCTC
353,CCATTCCATACTCACAGCAACAGACACTTGCAGATTCAACTGTTCATTTCTCAATATCAAGCCGCAGAAGCGAGACACACGCTTGCACCTTCTGCTTTTCC
354,TACAAACTGACTTTATTGTACTGTTACACACTATGGCATTAATTTATTACAAAATATGTATTTTTTTGTGTGTGTTACTATCCTTGGGGCATGGATTGATT
355,AGTTATTGTCTTAACCTTGAGCTGGAATTTCTGAATATTGATTTAGTTTCACCATGAACTAAGTGGACGTGTACTGCTAAACTGAAGATATCTATTATTTC
356,TCGGGAGGCTGAGGCAGGGGAATTGCTTGAACCTGGGAGTTGGAGGTTGCATAAGACAAGATCACACCACTGCACTCTAGTCTGGGTGACAGAGAAGGACC
357,AGGGTAAATAAAGATATATTAGAGGAGATTTATTATGAAAATTGTCTGACACAATCATAGAGGCTGGAAGTATGCAGAATATGCCATCTGCAAGCTGGAGA
358,GGAGAATGGCGTGAACCCAGGAGGCGGAGCTTGCAATGAGCTGAGATTGCACCACTGCACTCCAGCCTGGGCGACCAAACGAGACTCCATCTCAAAAAAAA
359,CTCCTAGACAGGAAAACTAGATTGCTTCACTTTGCCTAGGGCAGGGTTTCTCAACTTAGGTTCATTTGACATTTTGGTCCAGATAATTACTTACTTTTGGG
360,TCAAGGCCCCAACTCTGGGGCAGAGGCAGTGGCAGGGCAGCCAGGGTTGCGCCAGAGCCTGAGCAGGTTGAGGTGGGGTCAGGCAGGGCTGGGAGTCAGGG
361,AATCGATAGTGAGTGACTGATTGCTTCATTTTATCAGGCGGGCCCATTGTGAAAGAGCTCAGGGGAAATGTGGAGGTTAAATATATTTCCAGAGTTGTCCA
362,CAATATGGAGCCTGAATTTCGGGCCTTACACTGCAATATACCATCATTATGCAACTTTGGGAAATACCATTCCTATCTTATTCTACAGAATAGCACCCAGT
363,CTCATTTAAAATGTTCAGCACAATGGTTTTTGTAAAATTGACTAAGTTGTGCAACCATATTCCGAACTGAGAATTTTCAGCACCGTAACAAGAAACCTCAT
364,AGTTACGTAAGATGAATAGAGTCCTGGAGACAGATGGTGGTGAGGGTTGCACAACACCACGAAGGAACTTAATACAACTGAATTGTACAATTACAAATGGG
365,TTGAAGAGTCCTGCCCCATTAGTCACACATCCTGTGTGTCCTTTGGTGAGGCAACTGGCCAGCAACTCAGCAGGCTTTCTAGAACCTTCTCCAGGGCACCA
366,CTGTAGCAGAGAATAGGTAGCTCTAGAATTAACACTTGAAAAGTGGTTGTGCAACTGGACTTACTGCTTCCTCTTACATATCTGCCATCATCAAGCGACTA
367,TGGAAGAGAAAAGTAAACAAGAGCTGGTGCTCAATCTTGTCGACAATTGGGAAATGAGTCTGTAACAAAAATAGAGTGGAACGTGGGAGTGAAGTGTTTTT
368,AAGGACAAGCAACCTAACACTGCATGTTCTCACTCATAGGTGGGAATTGAACAATGGGAACACTTGGACACAGGAAGGGGAACATCACACACTGGGGCCTG
369,GACTCATCTATGAGCATGGTTTATGAATCTTTCAAGCTGAAAATCATGGCACAACCCACAAAACAACTAACCTTTTTCTCCACTAGAAGGCACTGTTGTTT
370,GTTCTTTGTCATTCTTTTTTTAACTTTTACTTATTCATTAGGATGATTTCATAATATATTTCCTGGTTTAGAGGAAACAGGAACAATGGCTACCGAGAGTA
371,AGAAAGGGGACACCTCATCCAGAAAAGTGGGAAGCGTGGGGCCGAGTTTCCCAATGGGGCGAGAACCAGAGCGAGGGAATGTTGGGCTGGAGTTGCCCACA
372,GGAGAATCGCTTGGACCCGGGAGGCGGAGGTTGCAGTGAGCTGAGATTGCGCCACTGCACTCCAGCCTGGGCAACAAGAGCGAAACTGTCTCAAAAAAAAA
373,AGGTGGATTGCTTAAGCTCAGCAGTTCAAGACCAGCCTGGGCAACATGGCGAAACCCTGTCTAAAAAGTACGAAAATTAGCCAAACATGGTGGTGCATGCC
374,ATTACGCAACAAAAACCACATGAGGCTTATTGGGAAAACAGGGTTATGGCACAACACTCAAAGACCTCATCAGTGACACACACAGAAAAACATAGGAACCT
375,GCTTAATTATCCGAACTGAAACCTGAGGCCATCTGTGTCAACATGATTTCACAATTCATTCCAGAAAATTATTTTTCAGGAAAGTAAGGCTGCAAACCAAT
376,GGGTTTAAATGTTGCCTACAAAGTATAATAGAATTCTAGTTTTTGATTATAAAACTTGTGGATTTTTCACTAGTGAGATTATATACGTTGGAATGGAACTA
377,TTTTTTTGAGACGGAGTCTCGGTCTGTTTCCCAGGCTGGCGTGCAGTGGCACAATATCTGCTCACTGCAGCCTCCACCTCCTGAGTTCAACAGATTCTCCT
378,GGAGAATGGCGTGAACCCGGGAAGCGGAGCTTGCAGTGAGCCGAGATTGCGCCACTGCAGTCCGCAGTCCGGCCTGGGCGACAGAGCGAGACTCCGTCTCA
379,AATCATAATAAAAAGGGTTGTTGGGTTTTCTAGCAGAGCTCCTGGCTTACGAAATAATCGAAGGTTTTAAAGACATGAACATTGCCTTAGGGAAAATTCAA
380,GTTTCATAGGGGTTCTAGTTGAGAGGAAGTGACTAAATCTGCAGTATTGAGAAATTCACTTAGACTGAGTTGAATTGAGATGCTCTGAGTCATTTACACAC
381,CAAGGGGAAACACAGTGAAAACTTAGCTAAAAGTGTCACAGTTGTATTGTGTAAACTACACTGCCCTTCAAGCAGCATGGGACATCACACTGCCAGGGACA
382,TCCACTATGTGCCTGCCTGATATGACTGCTTAAAGAGCTGGATCAATTGTGCAATGCTTACAAAGATTTGGGTTGTGTCGCAGGACAAAGAAAGCCAGTAC
383,AGGCAAAAAATGTGGAATCAAGAAGTGAAAGCACAATTGTTTACAGTTTAGTAAGCAGTTGTGGTAAAGAAATGTGTCTATTCATCATTGCCAGATGACTT
384,GCGGTTGCCAGCGCTGCCCCGGGTGTGTCTGGAGGAACACTCCCTGTTGCCTAACAACTGCTGTAATGTAACGGAAATAGAAGCACGATGCCACACATCCC
385,GAGGATCATTGGTCAAGGATGTCACAAAAACATCACAACCTTCAGGTTTTGCAAGTCATAGTTTTAAAGACACTTGTCTAGCAGGAACCTCTAGATTTCAG
386,GTGGATAGCACTCCTGACAACTGCGGCATGCGAACACGGCAAACGGTTGTAAAACAAAGGAATGAGGACACCGCTGGGTCTTGCAGCAAGCTTCTCCAGAA
387,AGTGATGGTGGTTGCACAACCTTTCAGATATACTAAAACCACTGAATTGTGAAATTTATTTTTCTTTCCTTTTCTTTTTTTTTTTTTTTGAGACAAGGTCT
388,TGGGTCAGGATTGTTGGCTCTTTTGATCAGTGTTGTTTCAGTTTGGTGGCAAAATCAGCCTAGAGCCCAGGTCTCCAAATTTATAATTTCATGGTTTCCAC
389,AGAGGTCACTTATGCTTCACCAAGCTGCTGGAAATGTGGAATTTTGTTTCTCAATTATTGGACCTGGTCCTGAGGAGATGTTTCCCTTTAGAGAACATCAT
390,ACTTCACATTTGTCAAGTCTGAGAGAAGCCAGGCTTCACGGAGCAATTACACAATCACAAGCCAAGTCAGAGAAGATGTTTTGCTAGAAGCGATGGGAGCC
391,TCCTCAAGCAGGGTGCCCCAGGCCAGTACAGGGTTGCATCAAGGCCTTGTGCAAGGGGGGTTAAAGGGAGGACAGTGGCTGGGAGCAAAGGCAGGGCAAGA
392,AGCCCATTATGCATAAGCTAAGAGGAGGGACAATTAGAAGAAGCTATTGGGCCAGGGGCCAGGAGATGGGCTAACTCCCTGGCACAGCTGGCCTGGGGCTT
393,CAATTATGCATTTTCATTGGTCCTCAGGATCACGCGACAGGAAGTATTGCGTAACCGGTTGACTGCCACATGCGCATTGGCTTCCAGGGCCGGAAGTCCCA
394,TTTTTCCTTGAAAAGTAAGAAATGATGTAATGCATGTTTCAATTAATTGAATAACTCTCTTTGTTTCTCACTTCTGTAATATGCTTCCCCCTGCACAGATC
395,TCTTTTTTAGAGAGAGTCTTACTATGTCACCCAAGCTGGAGTGCAGTGGCGCAATCTCTGCTCACTGCAAGTTCCACCTCCCAGGCTCAAGTGATTTCTCC
396,GAGGCATGACCCACTACTGCGAAAAAATGATGGAGCAGACAGAATGTTGCTCAAGGCTATGAAGCCACATAAGCCTTTCAAAAGCTGAAGAAATACACAGA
397,CTTATCGTAGTTATTTTTAGCATAGTTGGAAATAACTGACAGGCCATGATGCAATAATTTCTGCTATGATGAAATAAAATGTTTGAAGATACAGGAAAAAT
398,AGAGCCACCCACACGATCAAGAAAGGGTTTCGAACACGGTGAAGGGTTATGTAACCTAATGTGTCTCCATGCACCCTAGCGGTTGCCGGGTGCGGCCGAAT
399,CGCGCCCGGCCTTAAAATCCACTTTTCATTGCACATAACAATCCAGTTGAGAAATGGTTCGCTGTTGTTGTGTAGAATAAGAGAAGATGACACTTCAAAAC
400,CTAGTTTCTTCATAAGCTTCCCAGAGCATGGACATTGAATTTTCTGTTGCATAAGTTTCTTCTGTAACAGTTGGTGGAAAACAGGTCTTCACTCCCTGAAT
401,CTTTTATTTGAGGTGTTTTGTTCCTGTTGCCCAGGCTAGAGTGCAATGGCGCAATCTCGGCTCACCACAACCTCTGCCTCCTGGGTTCAAGCGAAGCAATT
402,GGAGAATGGCGTGAACCTGGGAGGCAGAGCTTGCAGCGAGCCAAGATTGCGCCACTGCACTCCAGCCTGGGCGACAGAGCGAGACTCCGTCACAAAAAAAA
403,TGAATGAAAGGATAAAGAAAATGTGATCCTTATACACAATGGAATATTACTCAACCATAAAAAGTAAGATCCTGTCATTTGCAACAACATGGATGGAACTA
404,CAAACTTCTTATGCAAAAGGGACAGTTAAGCCCAGAAGCTGAGTCATTGCAACACCCTCTTCCAAATGAATAGCTGTTACATTATGCATCAGCCAGGTCCC
405,TTTTTGGAGATGGAATTTCAATCTTGTTGCCCAGGGTGGAATGCAATGGCACAATCTCTGCCTCAGCCTCCGGAGTAGCTGGGATTACAGGCATGCGCCAA
406,CTGGCAATCATTGTATTAACTACTCGTTCGAGGCATATTGCAATACTGACTCAACATAAGCTTATCTTCAAGTGATAAGGCAGCCTGGTGCTGTTACTAAG
407,CAGGAAGAGGAGGAGGAGCTGCTTTGGGGACACCCACTTCCTCTCCTTACGTAACAACACACTGCATTTGCACAAGTGTCCTTGGTTGTAAAGGGTTCCAC
408,CGAGATTGGAATAATTGTGGAAACAATTATGCAGTTGTGCAAACAGTTGTGCAAACAATTGTGCAAACAATTGTTTGTACAAAATTGGAACAAACAATTAT
409,ACAAGCAGGGAAGAGGGCAATGCGATGATGGAGGCAGAGATTGGAGTGATGCAACTTGAAGCCAAGGAATGCCGAGGATGCAGCAACCACCAGCAGCGGGG
410,GGCAGGTTCTTGGGCCCCTGGGCATGGGCGATGGTAGTAGCTGTGGTTGAACAACCTTCTAGGTCACAGGTAGCACTCGCTAATGATAGCTGTGGCTATGA
411,AAGAGAAGACAGCTGGATTCTCATACCTGCTTCTGCACTCAAACTGTTGCGACATCACACATCATGTAGCCTCCAGAACACACCAGTCTACACTCATGAGA
412,TGCTAGAGTGGCATCTACTTCAAATTCCTGACAGCGGCTTCTTTAATTGTGCAATCTGTGTCAGTGGGGAAGCACAAATAGGATTACTTTTCCATCTGACT
413,ATTTGAAGTTCAGGAGTACAAGTGCAGGTTTGTTACGTAGGTGAACTTGTGCCATGGGGGTTAGCTGTACACATTATTTCTTCACTCAGGTATTAAGCCGA
414,GGAGAATCACCTGAGTCTGGGAAGTCAAGGATGTGGTGAGCTGAGATTGCACAACTATACTCCAACCTCAATGACAGAACAAGACCTTGTCTCAAATAAAT
415,GGCGGCTGCCTGGCACCCTGCCAACTGCCTCAGGCCCAGTCCTGCCTTGTGCAACCTGCCCCAGGCACACAGAATCCCCCGGATCCTCCTCACACCGGCCC
416,GGGGGTGGATCACAAGGTCAGGAGTTTGAGACCAGCTTGGCCAACATGGTGAAACCCCGTCTCTAGTAAAAATACAAAAATTAGCCGGGTGCGGTGGCGCA
417,AATTTTATATCCTTGTTATGCATCCTCGACTCGCACGATGTGCCTATTGCAAAATCTTCCTCTGGAGTAGGTGGAGTTTATATCCCTGCTCTCCTCCCCTT
418,TCAGGTCTCTCAGTGCCTGTTGGGAACTCAGCATCCACCCCTAGTCTTGCACAATCTACTGGGGGTACACCCCTCCTAATGCCTGATGGGATGTCAGCATG
419,CTTAAAAAATCATTAAACCAGTAAATATTTATTAAGTATCTACTACTTGCCTAATACTTTGTCAATAATAATAGTAAAGGTTTAAAGCTAAAGCAAAAAAA
420,GCCTCTCTGCTTCGCATTTTCAGGCTTGGCCTCACAAGAAGGACGATGGCGCCAGATTGTGCCAGAATGGGTGAAAACAGAAGGAAAATAAACCGGTTGCA
421,TTGTACCTTGTTGAAGTGCTGAGATGAGAACTTCTCATTAGAGTAATTGCCTAATTGCCGGGTGGGAGCGGCCCATCCGGGGCGGGGCGGGGTGAGGCGGG
422,CATCGGTGTCGTTGTGTGTCTGTCAGTGTCTGTGGGTCTGGCCGTCTGTCGCAACCCCTCAGCCCGGCCAGAGGCTTCAGGAGCTGCTGGGGGTGATCCCC
423,ATTTGAGTTAATGACAAGCTGACAGATAGCATCTTTTCACCTGTAATTGGACAACAAAAGGACCAGAAGAGAGACAGGCTCCCTTGCTAGTGTTCCAGCAC
424,CAGTTAATTTTAAGTTAATCTAAAGGGAAATTATCCTATGTGGGTATTACTTAATCAGGTAAAAGCTCTTCAAAGAGAGACTAGGCCCCAGCTAAGGTAAG
425,TTTTTTTTGAGACAGAGTCTCACTCTGTCGCCAGGCTGGAGTGCAGTGGCACAATCTCTGCTCACTGCAACCTCCTCCTCCCGGGTTCAAGAGATTCTTCT
426,GGGGGAACCAGAGGCTCCTGCCTGCCGCCCTCTATGGCTAGGGAGATGGCGTCACCGCCCAGGAATGCTGCACCCAGGCCCCCTCCCCATTCCCAGCAGCT
427,GGAGGATGGCTTGAGCCCAGGAGTTCAAGGCTGTCATGAGCCGTGATTGCGCCACTACATTTCAGCCTGGGCAAGGAGCAAGACCCTGTCTCAAAAAAAAA
428,CCAGGTTTCCCCACTGTGGAAAAACAGAGTCCCCAGGGACCGACACTTTTGCAACCTGGGGCTCAGGAGGTCCCCCATAAGCCCTCACAACAGAGGCCTGC
429,CAGAATGACTCAGCGGGTTTGCAGCACAGGCGCACAACCCCACACATTATGTAACCACGTCACGTGAGGCACATTAGGTAACCACTCACATGAACTTGTGC
430,GTTTGGAGACAATCTATCTCACTCTGTCACCTGGGCTGGAATGCAGTGGCGCAATCTCGGCTCACTGCAACCTCTGCCTCCTGAGTTCAAGCAGTTCTCCT
431,CAAAGAAAAAACAGTTCATAAATTTTAAAGTTGCGTGTCACACTGATTGTGAAATGCCGTGTCGTCCCGCTCTGTCCTGCCCCGCTGGTGAGTCATCCTTC
432,TAGAGATACAGCACTGTCAGGCAGAGGGAGGCCCTGCTCTGGAATATTTCACAATCTGTGTTAGTTCTTATTGCACAAGAATGCTGAGTTGAGAGACTTGC
433,AAAAACAGACCAGAGGCCACCCAATGGAACAGGATGCAGTGTGACATTTCACAACATACGACGCCTCTCCTGGGAAGGGAGAGCTCGCGAGCGCCTCTACT
434,ACTTGAGTTTGAATTCTTGCTCTGCAGTTTTTGATTTGTGTAACACTTGGGCAAGTCATGTAACCTCCCTAGGCTCAGTTTCCTTACTGTAAAAATAGGGA
435,GTGACAGAGCAAGACCCAATCTCTTAAGGAAAAAAAGGAAAAAAGATTTCAAAACAACTGTTTTGAACAGTAAATTAATGGTCAGATGAAGGAGGGAGGAG
436,GATAACTATGTAAGACTTGGAATATTTGAATTTCTAGGACATGGGATTGTGCAACCATTCATTTTATCCCATAATATTGAAATCTCCCTCAGATAAGCCTC
437,TTTAGGACATTTTCAATTTAATTTATCACAAATTATATTTTGATACTTATGCAATATTTAGGTAAAAGATAACGTAAACTTTCCATTTAACTTATGTGATT
438,TTACACTTACTATTCAAATGATAGCAGGCAGACATTATATTTCTCATTGGACAATCTCCCAAGTAGTTGTGTAACATTATGTGACAAACTTGGCTGTGATC
439,TTATTTAAAAATCAAAGTGTTTTGATATTTGGGAGTAAACGAAATGTTACATAATTTTTTAAATTACTAAAAACAGAGAAATAAGGACTGTGTTCTAGAAC
440,ACGCTTTGTAGGTCCATCTTCAATGCGCCGAAATTTGAGCAGGTTATTTTGAAACTGCATTTGCATAAGTCCATCTGAGCAAACATTTTTATGGAGTTATG
441,ATTACTCACGGGGGCAAATGTGACTCTACCCCCTAGGCTTACTGCTTTGCACAATGAATGGCTTTGGTCAGAGTTTTTTGTTTGGCTTCTGCGGCTGCTCT
442,TCTTCTAGGAGTCCAGGTTAGTGAAAAGGCACCAAGCAGCTATAGATTTCGCAACATTCAAGTAGGGTTTGGGAAGAAAAAAATGGAGGGTTTTAAATTAC
443,AGAATATGAGAGGAAACTGCAAGAGCAGAAGAAAGTAATAAACTCATTGCACAAGAATTTCAGAAGAACTAGGGTCAAAAATACAGTCACAATCTGGCAGC
444,TGTTTTTGAGACAGAGTCTTGCTCTGTCGCCCAGGCTGGAGTGCAATGACGCAATCTCGGCTCACTGCAACCTTCACCTCCTGGGTTCAAGTGATTCTCCT
445,TCACCAAGATGCCCAGGAATGGTTATCAGATACAGTAGGAACAAAATTGTGTAAAAACTAAGAAGGCTGGTGACTAGGAGCCAGAACAATGACAGAACAGT
446,AGTAGATACTTGGGAGGAATAGGAGGCAATGGGAAACCTGGGAAAGTTTTGTAACATTCCCTGTCTGTCTGAAAGCATGTTGTGCAGGGACATGAAAATCA
447,GCTCAGGGAGGGATGTCACTTTGTTTGGGTTTGCACAATAAGTAGATTACGTAACACATTTGTGTAAGACTGGGAAAGAAATCAAGGGGCCAGTAGGAGAT
448,TACACAGAAACCTGTAGAGGTATGTTTATAGAAGCTTTATTCATAGTTGCCCAAACTTGGAAGCAACCAAGATGCCCCTCCATAGGTTAGTGGGTAAATAA
449,TCGGCTATGCTGATCCAATCTTCATGACTTTCTGTTTTCCAATAAATTACACAATTCATTTTCCAGCAGCAGATTACATAAATTGTACACCTCTGGGGCTC
450,TGAGAATCACTTGAACCTGGGAGGCAGAGGTTGCAGTGAGCTGAGATTGTGCCACTGCACTCCAGCCTGGGCAACACAGCGAGACTCTGTGTCAAAAATAA
451,GGATACTGCAACCATCTCCTTGCTGATCTCACTGCTTTTCAGCCTATTTCACAACCCAGCGGTTGAAATAGTTCTTTTAAAACATAGGTCAGATCATGTCA
452,TTCAGAAGCTGCTAAGGGGCTTTGTTAGGATTAGGGGCTTTTCTCATTGCGTAACCAGGAATAAAAGACAGCCTTACTTTGAGAAGACCATAAACGGGTGA
453,TTAAGTTCGTTGGTCACTTTTGTTTGTTTGAGACGGAGTCTCGCTGTGTCGCAAGGCTGGAGTGCAGTGGCGCAATCTCGGCTCACTGCAACCTCTGCCTC
454,AGGTAGATTGCCTGAGCTCAGAGGTTCAAGACCAGCCTGGGCAACATGATGAAACCCTGTCTCTACTAATAATACAAAATATTAGCTGGGCGTGGTGGTGC
455,TGGGTGACCCTGGCCTCTGCCCTGGGGACAACCTCATTCCTCTGGATTGCCCCATCTTCTCTGGGACCCCTGCAAGCCCCATTGGCCTTACTTGACTCCGA
456,GGGTCTTGGCTCTGGCTGTCATAACAAAACACTAGAGACCTGTGGCTTAAACAACAGATCTTTATTTCTGACAGTTCCAAAGCCTGAGAGTCCAAGATCAA
457,ATCGCCCATCTCCTCCCGGACAGTGCGGCACTCAGCACCCAGGTAGTTGCGCAAGTTGACAGCGTGGATGGCAGAGCAAGCTTTCTTGTCGAGTGTGGCCT
458,GACCCTAAAAACTCAAAAGGCCGTCTTATTCTCAATATACATTTTATTACCCAATCTGCTCCCGACATTAAATAAAACTCCAAAAATTAAATTCCAGCCCT
459,TTCCTGTCTATTTCTGAGCCCTCCACACTCTTCTAACCCCTGCCTGTTACCCAATTCCGAAGCTGCTTCCACATTTTCAGGCATTTTTATAGCAATGCCCC
460,TGTTTACACTAATGTGATTTGTTCACAGATGATGACAGTTCTGCTCTTGTGCAACATTTGTAGACACAGGGGCACCATGTGATGACCAAGGCAGAGATTTC
461,GCACTTGAGCAGACTTTATATGCCCTTCTAGAATTTTATTACAGGATTGCAAAATGAGGAAGAACCTCAAGATTCCAACTTTTCGTGTCTTTCTCTGTGAC
462,TGCTTAGAATTGTGCCTGAAATACAGTAATCAGTATGTCTAAGTGCTTACTAAACAAAAGAAGAACGCTTTATGATAACAAAACCTATATAGTACCTAGAA
463,ACAGAGTTGTGTAAGCATAACCACAGTCAATTTTAGAACATTTTTATTACTCAATTCCAAAAATTACCCCATACCCATTAAACAGTCACTCCTCATCTCCC
464,AAACTGTGTCAAGATAGTAGTTTCGCTCTCAAGGCCTGTCTTCAAATTTCGCCACTGTTTTGAGTTCCTCCTAGATACCTCTTATTCCAACCCCCTTATCT
465,GCCAGGAGTTCAAGACCAGCCTAAGCAACATAGAAAGACCCTGTCATTACAAAACATTAAAGAATTAGCCCAGCATGATTTTGCATGCCAGTAGTTCCAGA
466,ACAGACAAATATCTTTCAAAACACAGAATTAAGCACACACTAAAGATTGTGACATCCTGACATCTCCACTCTGCCCTCTTCAGTTGCTTCTTGTTGTTGCT
467,TCTTTTTTCTGGGATGATATTATCTAAACTGTTAGAGCAGATAACCTTGTGCAATCTCAATAAGACACCATGGTAAAATTTCAGAAAATTGCATTGCCTTA
468,TTTTCTCTTGAGACAGTCTCACTCTGTTGCCCACGCTGCAGTGCAGTGGCGCAATCGTGTCTCTCTGCATCATGGGCTCCAGCGATCCTCCTGCCTCAGCT
469,CTCGAAGCCTAACAGGTCTTCCACTTAGTATGCATCTCCCCACAGATTTCACAAGAATGAGCAAGATTAACATACACGTTCACCAGGTTATATCAAGCAAA
470,GGAGGGTAGATCACTTGAGGCCAGTTCAAGACCAGACTGGGTAACATGGCAAAACCCCATCTCTACTAAAAATAAAAAAATTAGTTGGGCATGGTGGTGCA
471,TTCTTTGAAAACCTGTCCTACTGCTGAGCCACAGATACTTAATCTGTTTCAAAAGTGCCGCTGACATCTTTCACTGCTCAGAGAGCTGTGTGTGCTTTAAA
472,AATATGCAAATGCTGCATGTATTCCTTCAGTAAAGGGGAAGGAGGGTTGCAACATCAAACAATGATAGGGTGTCGCAATCCTAAACGTGTGAGGAATTACT
473,GAAGCTTACTCACTAATTTACCTTTACTGTTTACAGGTTGACATCATTTCACAATCAAAGATCGAGTGCCAATTCCTATAGCTGTCAGGAGCTCAGCTGAG
474,GGGAGAACCAAGATGGCTGTGTTTCAAGCATGAGTCACTAGGAAAATGGCGCAAGACCAGGATGCTGGTTAAAGGGAAAAAAATGACACATGGCATATTGC
475,TTGTCTCCCCACTGCGGCGGATCAAAGTAAGACGTTCCAAACATGGTGGCACAAGATCCTTGCGTCATTTCCTGTAGTGTGCTCTATATAAGGGGCAGGAT
476,TCTCATCCTCTGGTCCGCCCTCACTCAAGATGGCTACCAGCAAGAATGGTGCAATGGCGTGACAGCTCGGCCCTGGTTGCCAAGGAGATGCGAGTACCGGA
477,CTAAATATTTGTTTTTTCTTATTAAGCTTGATGTTCCCCACTTTGCTTGCCTAATAAGTGTTGCATAATTCTATTCCTGTTAGTATAACCTGCTGCGTTGT
478,TTTTTTGAGATGGAGTTTCACTCTTGTTGCCCAAGGCGGAGTGCAATGGCGCAATCTCAGCTCACCACAACCTCCACCTCCCAGGTTCAAGCAATTCTCCT
479,TCCACTCTCTACCCCTTCACTTTTTTGGATTGGGGGCCCCTTTCCCTTTTGCAACTGCTGTTGCCCCCTGAGCCCCACCTCAGGCATGACCCCTGACCTTT
480,TCCTAAAGTCCCCTTTGATTTCTAATTTCTTGTATTTCTGCACAAGTTTTGCCATAATTTGGCATTCTCTTCCTATACAATTTGAAATTCTAAATTTTAAC
481,GCAGAAAAAATGGGGAGGGGTTGTTTGCTCAATTTCCAAAGGAGAATTGCTTCAGACAGGAAAATCTCAAAAGGAAACAGCCTTACTGTTGTCATGGCTTC
482,GTCATGCCTCGCTGAACAGGGGGAACAGGATCTGAGAAATGTATTGTTAGGCAATTCTGTCGTTGTGCAAACCTCACAGTATACTTACAGAAACCTAGATG
483,AGGATCACTTGAACCTGGGAAATGGAGGTTGCAGTGAGCTGAGAGATTGCGCCACTGCACTCCAGCCTGGGTGACAGCACAAGACTACCTTAAAAAAAAAA
484,TCACTTTATGCCTTCTTTCTGCTTAATGATTTGTCTGGATTAGCTATTGTTTAAGCTTCCTCCTTATGTATAACTTGAATTTTTTGTAGGTAAAGCAAATC
485,TTTCATGCCTCAAAAAAAAAAAAAAAATTTCCTTTTCTATGTTTCCTTACGTAATGCGCTTCTGAGATGGTTCTTCTGCAGGAACCGAGTCACCCCTGTTT
486,CTCTATAAAATAACAAATGAAATGGGAAGTGGAAAAAAGGGAAAAATTAGGTAAGCCTATATGATACAGTAGAAAACAGGCTGCACTCAGATTTGCAAATA
487,GGGAGACTGCTTGAACCCAGAAGGTCAGGGCTGCATTGAACGGTGGTGGCGCCACTGCACTCCGGCCTGGGTGACAGAGCAAGATTCTGTCTCAAAGTAAA
488,GGAAAATTGCTTGAACCCGGGAGGTCGAGGCCGCAGTCAGCCGTGATTGCGCCACTGCACTCCAAGCCTCGGCGACACGGTGAAACCCCCATCTCGGGAAA
489,CTCCGAGTCCCTGCATGCCTCTCTTCCATGTTTCAGGAAGGAACAATTAGGCAATCCTGCCATGTTTCTTCTGAAAGTAGCAAAAACAGTGACTTCAAGAG
490,AAGGACACCCATCTGTCATTTGTGGTTTCTGTGTGGTCCTTCCTGATTATGCAAACCCTTTCCTTTCCATTGTTCCTCTTCTATTGTCCCCCTAAAGGACA
491,CTCCTGCTTCCCACATAGTCAAAACTCTGCAGTCGTGGCAGCTGAATTGCGTAATGTATGGCCACGGCCAAACAGGCCCAGATGTTTCACGGTATAGACAA
492,CCACCTCTGCTGCTGAACCACCCTGATCTGTATCTTTCCTGGATTATTGCAACAGCCTCCTAATCTTTTGAAAACATTACTCAGATCATGTCACTCCTCTG
493,GGAACGAGGACTTGCAAAGCCATCTTAATGTGCTTTATAATTTTGGTGGCGCAATTTATGACCCCCACTACCTCCACTAGCTCACATGGACATGTTGTGTG
494,TTTCGAGGTTACTGCGATTGTTGTAATTTGTATGTTATTACCCTCGTTGTGCCATCTCATCTTCATGGCATTTCGGTAACACTTATTTAGTGCCTACTGTC
495,GGGTAAAATGAAATGTCAGTCAGCTGGGTCCTTAGAAAGCAACCACTTGAGCAACTTAGCATCTCTAGGTGAAACATCAGGAACTGGCAGTCCAGAGAGGC
496,AGCTGAACTCTCGGGCCGGAGGGAATGACCGTGAGTAACCTCGCAATTACGTCACGGCTGGGGCTGGGGCGGAGCTTCGGCGACGCCTGGGTCCCCAGCTT
497,AGATAGGTGGGAACGTTCTCTTGTTGCATCAAGTAATTTTTATTAGTTGCGTAATACCTGAAGCAAATATTCTAATTTAACCTTTGCTCCAGTACATAATA
498,TATTGTTTTATAAGGTCTTTTAAAAAACTGCTTCACTCCTACGAGATTGCGCCACTGCACTCCAGCCTCGATGACAGAGAGAGACTCTGTCTCCAAAAAAA
499,CACAGAGATTCTTATTCCTTGTATAAGTGAGTGAATTGCTCATTTGTTGCACAATTAATCACATCTACTTCCTCATTTCCTAAAATGAAATCATCTAATGA
500,CCCTATGTAAATCAGACACCACCTCCTCAAACCAGACTATAAAATCTGGTGCAACTGCTGCCAGCCGCTCCTTTCCACTCTGGGGCCCCTCTCTCTATAGA
501,TAATGGCGCTGCCCTCCCCATGAACCTGCCTTTAATACTGAGGAAGTTATGAAACCGCTATACATCAGCAGCTCCGGCCCCACTGCCCCCGCCCGCGTCCT
502,GGAGAATTGTTTGAACTCTGGAAGTGGAGGTTGCAGTGAGCCGAGATTGTGTCACTACTCTCCAGCCTGGGCGACAGAGCAAGACTGTCTAAAAAAAAAAA
503,CCCTCTTTCTGAAGGGCTCTTAGGTCAGACAAGAGCATTGCATATATTTTGCAATCCAAAGACATCAAGCAGGGATAAAGGGCGTGGTTTCCTGCTCGGGG
504,CTCTTACCTCAGCCTCCCAAAGTGCTGGGATTACAGGCATGAGTCATTGCACCAGTGCTGCTTTTATAGTAAACTACAACAAATGTAATTAAATTAGTTCT
505,GAAAAGATGGTGTTTGGTGGACAGAAATCTGCATCTGAAGCATTCATTATGCAATAGTGCAGTCCTCAGTCTTCTAATCCGCAAAATAATGGGTAGATGCT
506,GTTTTGTTTGTTGTTATTGTTGTTTTTGAGATGAAGTCTCGCTCTGTTGCCCAAGCTGGAATGCAGTGACGCAATCTTGGCTCACTGCAACCTCTGCCTCC
507,GGGCGCATCACTTGAGGTCAGGAGTTCGAGACCAGCCTGGTCAACATTGCGAAACCCTGTCTCTACTAAAAATACAAAAATTAGCCGGGTGTGGTAGTGCG
508,CCGCCACCCCGCCCAGCTAATTTTTGCATTTTTAGTAGAGACAGGGTTTCACCACGTTGGCCAAGCTGGGCTCGAAATCCTAACATCAGTTGATCCACCCA
509,CCACTTTTAAGTATTCAGTTGAGTGGCGTCGTGTCCACTCATGACATTGCGCAACCATCACTACTGTCTAGTTGTGTAGTCTGACATTGGGTTTGTCTTTC
510,TGGGCGGATCACTGAGGTCAGGAGTTCGAGATCAGCCTGGCCAACATGGCGAAACCCGGTCTCTACTAAAAATACAAAATTAGCTGGGCGTGGTGGTGCAC
511,CCATTTTTAAGTGTACAATTCAGTGGCATTAAGGACATCCACATTGTTACGCAATCACAACCACCATTTATCTTCAGAATTTTTTCATTTTGAACAATTGA
512,GCCTCAGCCCCCTGAGTAGCTGGGACTACAGATGTGCACCACCAAGTTTTGCCATGTTGGCCAGGTTGGTCTTGAACTCCTGACCTCAGGTGATCCTCCCA
513,TTTGAGACGGAGTCATACTCTGTCGCCCAGCCTGGTGTGTGTGCAGTGGCGCAATCCCGGCTCACTGAAGCCTCCACCTCCCGGGTTCAAGCGATTCTCCT
514,GGGCGGATCACCTGAGGTCAGGAGTTCAAGATCAGCCTGGCCAACATGGCGAAACCCCGTCTCTACTAAAAATACAAAAAATTAGCTGGGTGTGGTGGCAG
515,TTGTTTAAAGAAGCCCAAGAATAAACAGGAAGAAATCCACACCTAATGATGAAACTGCCCCAGTGATTCCTATTCTTGGAACATTCTTTCGCAATGACCAT
516,TACTATAACAGTTAAGAACTTCTCCCTCTACCCCTTACTATGTGACTTGGGCAAGGAAATTTACTCTGTCTCAGTTTCCTTACTTGTACAAGTTAGAAAAT
517,AAACACAAAACTAACAGAAAATGACCCAAAGACAGAAACGCGCAGATTGCAAAAAATGACCTTAAACATAGGAAAAGACACTCAACTTTCACCAAACAATC
518,ACGCTACCTGGAGTTAGTGTTAGACTCCACAAGACAAAGGGCTCTGTTGCACAATATCACCCTCAATTCAGATGTCAGCCACAATCCTCAGGGACCATCCA
519,ATTAAAAACAAAGTACACCTGTCTTAACCAAGTACCAATTTTCATGTTTCCCAACATTAAGTCCCCAAATGCATCCAGCAGATGGTGCTCTAGGACACCTA
520,TTATAGATGGTTGATTATGAGGCTCTGGAAGTGCTGTGTGTGGAAATTACGAAACTACTTGATGTTATCTGCAGGCTAGCCAGGGCCCCAGGCAGGCAGAG
521,AGCGAGTGGGAGGGAGATTGGTCTGTATGTCAGGGAGGATCCAAGATGTCGCAATTCAGATTACAGAGCACGCTTGGAGAGATCTCCAGTTCATTACTGTG
522,GAGAATCTACTTGAACCCAGGAGGCGGAGGTTGCAGTGAGCCGAGATTGCATCATCGCACTCCAGCCTGGGGGACAAGAGTGTACTCCATCTCAAAAAAAA
523,AAAACAAAAAAATCAAAACACAGATAGGATCATTTTATACCTGTTGTTGTGAAACTTGTTAGGCTATCTGGGACATCTTTCCACATCAGTACATTTACATT
524,TGAGAATCGCTTGAACCCAGGGGGCAGAGGTTGCAGTGAGCCAAGATTGCGCCACTGCATTCCAGCCTGGGTTACAGAGTGAAACTTCGTCTCAAAAAAAA
525,CGATGACCAGATCACATAACACATTTCTCAGAATGTGTCCTTATCATTAAGCAACACATGACTGTAATTTGCCAAGAACACCAGGTAGCTGAAAAGTAGTG
526,TACCACCTACCCCCATTTTTTCATCATAACCTGTAACCTCCCACTATTGTACCATCTTTCTGGTCCCATCTCTCCCCTCCTCTCCTCTCTTTATACAATAC
527,TAAGACTTTGGTACAGCCCATTAGCTCTCCCTGTGGATACCATGGATTACACAATGCCGTGGGTGTCTGTGAGTCAAACCATTCTGACTGCTGCTTTGACA
528,ATCTGGTCCCTGATACTCCATCCCGAGTGGCATCAAAAGTCCCTTGTTTCTCAACAACACCACACCTTTAAGTCCTAGCCCACCTGGGACCACCAGGGATT
529,TGTACCATCCTTTATCATCTTTAAAAGGCAAGTATGCATTTGGGTGTTGCAAAAAGGCACAATTCTATCAAAGATCACAAACTCAAATGCTTGCAGGGACC
530,GATTAACAGCAGAAATGAATACTATCAACACCTCAATTGGTTTAGCTTACACAATTATGACCAAAAAATTAAAGTTAAGCCAACTTTCCATTTGATGGGTG
531,GGAGGATCACTTGAGCCTGTGAGGTTGAGGCTGCAGCAAACTGTGATTGTGCCACTGCACTCTAGCCTCAGCAAAAAATAAATAAATAAAAATAATTTTAA
532,TCTTGGCTTTACTTTCTCTGCGAGCTCCTGTCCCATTTCTATTCTCTTTTGCAACACAATTCCTTGAAGGAGTTATCCACACTCTTTTAAAATATTTTTCT
533,CCCAAATAGCCAAAGCAAAGAAGAACAAAGCAGGAAAAAAATCACATTACACAACTTCAAACTATACTACAAGGCTATGGAAACTAAAACTTCATGGTACT
534,CAGAGAAAGGGTTCCTTTTGCCCTGGTAATAATCGACCAGTGTTTATTAGGCAACCATGATTCTTTCCCCCAAGGTGCAAAAGGGGAGACAAAAATAGAAG
535,ATGGGCTTTATTCCAAGCCCTGAGCTAATTTGCTTTTCAGAGGGAATTGCTTAATCCCCAAAGCCGCCATGCAAGCTAAGTGCTAGATTATGATCAAAAGG
536,TAGGTCTGGGCGCTTGCAAAGAGCTTGCAATTCATCAAGGGTTGAGTTGCACAATGGGGCTTTTAGATGTGCCGCTGAGGAAGTGATTGCCTGCATTTGTC
537,GCCTTTTCTAGGTTCACAAGAGCTGTACCAAAGGGAATTGCTATTGTTGTGAAATTGTTGGAATCACTCATCAGGGGACATTCTGGTAGAGTAAGATAAAA
538,TCCCACGTGAATACCATTACAGACTTTGAGGGACACAGCAATGAGGTTACGCAATAAATCTAAGTTTCTGGGTACAAGAAACCGAAACGATGGGTGTCAAA
539,GGAATGGGGTGGGGGCTAGGAGGCTTCATTACATAGGCATGATTGATTGCATCACTGGCCAATGGCAATCAGCTCAGCCTTCAGCCTCTCCTCTCCCCAGA
540,ATTTTTTGAGACAGGGTCTTGCTTTACCACCCACGCTGGAGTTCAGTGGCACAATCTTGGCTCATTGCAACCTCCACCTCTCAGGTTCAAGTGATCCTTCC
541,ATCTTCAGCAGCGCTACTTAAGGGTTACATGGCAAAGCATAAACTCTTACGCAAGATACAGCATTTGGCTAGCATGAGAATTTCGACATGTTGACCTTAGT
542,CTGTAAAATGAGGACAAAGGCCCCCAAGTTTCTCCTTTACCTGCTGTTGTGTAAGGTCCCTTCCTGTTTGGTTTATATAAACAGGCTGTGTAGTACCCTGT
543,AGTCAACTACTCAAAGACCCGCACTGAAGGCTGCAGTGAGTTACGATTGCACAACTGCACTCTAGCCTGAGTGACAGAGTGAGACCCTGTCTCAAAAGAAA
544,GGGGGTGACCCTTTTTCTGTAGGAGACCTACAAGCATTTCGTGTCATTGCGAAAGCAATCACTAGGTGGCAGCATATATCAAGGTACTCAAGACCATGCGG
545,GAGGTGGAGGTTGCAGTGGGCCGAGATCACGCCACTGCACTCCTGCTTGAGCAACAGAATGAGACTTCAAAAAAAAAAAAAGAAAGAGAAAAGACAACCTA
546,AAAACACAACCCCACACACAACTATATTAAACTAGGCAAACATCACTTGTGCAACTTTTGAAAGAAGTAATAAACCAAATACAAAGTTGCTGTCATTACCT
547,TTGAGAGAGAGTCAAATTTCCCTCCTTCAGCTCAGCACTGTGGAAGTTGCAACACAGCTCTCTATGCGAAATTTTGAACTCTTTCGCAACATTGAACCTAC
548,AATCTGAGAACATGTCTCCCCACTGATTTGGTTTTCTTTAAAAACTTTACACAATACTTATTATAATTTTCCTTATAGAGATCTCACTTATACTTTGATAA
549,AAATGAAGGGGTAATTGCAAAAATCAAATTGAAGGGTATTATTACCTTTCAAAATAAATCCATAAATATTTGTTAAGAGGGGAAAAAACAAGAAGAGAAGC
550,CGGGAGTTTTAAAAACACACAAGCATAGCTAAGACAGGACTCGATATTGCGAAACCAAACTTGGTATAAGAGCTCCCAACACTGCTAAACTGGTCATCGCT
551,AGATTTGATGATGACGGCACTTCCATTTCCATCATGCTGCTCCAGCTTTTGTAATTCACTAGCAACTGGCTCTTTGAATTTATTATCCATTAGTTTCTTGG
552,CATTTTTAGTCTGGTCAGCGTAATTTTTTAGGGAATATTTACTGCATTGCGTCATATTAAGTTTTATGGTAAATATGGCAGTTCTCACTTGTTTGCTTTTA
553,CAAGCTCACAGAATAACGGGGACTGACACTCAGGCCTCCTGCCCCCTTGCACAATTAACTTATTGTCATCAATGGCCAACACTAGAAACAGCCAAGGCAAA
554,GTGCCACTTCTACTAAACATTGTGCTGGAAGCCCAAGCAAGAGCAATTTTGCAAGAAAAAGGTGTAAAATGTATCCAGGGTGGAAAGTGTGAAGTAAAACT
555,CCTTCATTAAAATCTCTATTTTCTGCCAGAATCCTGACTGATACAGTGACTCAACAGTGTTAACTCTGCTTCCTATTTTATTTTGAAGATGAGGGAACATG
556,AAGCTTGAACTGCCAGTCTGGCTCCGGAGTAAGTACTATTAACCAGTTTCCTAATGATTCTCAAACTACAGAGTGCACCAGAATCACCTGGAGAGCTTGTT
557,TTTTTTGAGACGGAATTTCGCTCTTATTGCCTAGGCTGGAGTGCAGTGGCGTAATCTTGGCTCACTGCAACCTCCGCCTCCCAAGTTTAAGCAATTCTCCT
558,GGAGAATCGCTTGAACCAGGGAGACGGAGGTTGCAGTGAGCCAAGATTGCGCCACTGCACTCCAGCCTGGGTGACACAGTGAGACTCCATCTAAAAAAAAA
559,TTGTTTTTGAGACAGAGTCTTGCTCTGTTGCCAGGCTGGAGTGCAGTTGCGCAATCTCGGCTCACTGCAACCTCCATCTCCTGGGTTCAAGCTATTCTCCT
560,TTAATGTTTCCTTACTTTTTTACATTGCCATTGCTTATTATCCTGATTTCAAAATGAATTACTGGTTTGAAAACAAAATTTTCTGGAGAAAATGTCTTTGA
561,TTGAGACAGAGTCTCACTCTGTCACCCAGGCTGGACTGGAGTGCAGTGGTGCAATCTCGGCTCACTGCAGCCTCCTCCTCCCAAGTTAAAGTGGTTCTTGT
562,CTAATGTATCCGGAATAGACTGAGTAGGTGATGTGGAGCAAAACAGTTACAAAATTAATGTCTGTAAACATTGTAGTGCCAAACATGCTACCAGGCACAGA
563,TCTTGGAGCTACATTTTATAAACCTCTTGGCGCACTGATTGGTACATTTTACAATCCCCTTGTAAGACAGAAAAGTTCTCCAAGTCCCCACTCCACCCAGG
564,ATCATTTAATGTGTACAATTTGGAGTTGTAATTATTATTATTTTTATTGTAAAATATAACAAAATTTACCATGTTAATAATTTTTAAGTTTACAGTTCAGT
565,TTTATTTCTTTGTGTTAGGAACATTTCACATCTTGCCTTCTAGCTATTTTGAAATATATGATAAATTATTGTTAACTATAGTCACCCTCTAGTGCTATCGA
566,GCATGTTTGACTTTACAAAAAGCTGCAAAACTGCTTTCCAAAGCAGTTGTACCATTTTGCATTTCTACCAGCAACATATGAGAGCTGCAGTTTCTCCAAAC
567,TGAAGCAAGAAGCAAATAAAATATTAACCACTCACAACTCTGCTTATTTCAAAATATATACTAAAAGAGCATGGCGTTTGTATCGCTGTTTATCACTTATG
568,CAACGGCGTCACCCGCGTGTCACGGTCGTGACGTCACCCCGGTGCGTGACGTAATCTGAGGCGCGCCTTCGCGCCGTCGTCCGGGGAGGGTTTTTTCCCTT
569,AATAACATACTCTAGGGTTTACCACAGTCCCTGTACACAACCATCCTTGCTTAATAATGGGTAACTATTGTGAAATAATGATCGTTATCATGGGAAGCTAC
570,TACAGTTTGTACTAAAAGAAGGCTCTTTTGGAACATGCAGAGAGTGTTTTGCAATACCCAGAGAGGCTCTAGTGGGTATTACTTCATAGTTTGAATAAAAT
571,AGCCAGTCACAAGTTCTAGTCCAGGGCTCATCCCCGGCCTCCTCACTTACGCAATCACCAGTCCCCACCTGCTGGGGAGAGGCACTTCCTCGGCTGGCTTC
572,AGGGAAGAAGGAGAGTGCTTTGTTAACCTCTTAACATCTCCCCAAATTGCATCATATTCTCTCCCTTTTCCCTCCCAGCTACCTTTTCTATTTTTGATTTC
573,AGGAGGGAGAAATGGGAGAAAAGTGGAGAAGATAAAGCAGAAAGGGTTGAGAAAGTGGAGGGAAAAGCAGAGGCAGCTAATGGAATCAAGTGTGAGGCATT
574,ATGCTTCGCAGCTTCAGCCTTGCGGTTTGATTCCCACGTAGGTGACTTACACAACCACAGCCTGGACTCCCAGCTGTAGACAGCCTTCTTTTTATTTTTGA
575,TTTTTTTTTTTTTTTTTTTTTTTTCCGGAGACACAGTCTGGCTCTGTTGCCCAAGCTGGAGTGTAGTGGTGTGATCTCAGCTCACTACAGCCTCTGCCTCC
576,CACTGCCCCTCCAATCACCGCCAAAAATGGAAGTTGCTCTCGTAACTTACGTAAGGCAAGCAGCCAATAGGAGCAAACCTTGGAAACTAGCTCCCCCAATA
577,TTTTTTTAAGACAGAGTCTCATTCTGTCACCCAGGCTGGAGTGCAGTGGCATAATCTTGGCTCACTGCAACCTCCACCTCCCAGGTTCAAGCAATTCTCTG
578,GCGCTACCATGCCCGGCTAATTTTTGTATTTTTAGTAGAGGCGAGGTTTCACCATGTTGGCCAGGCTGGTCTCAAACTCCTGACCTCAAGTGATCTGCCTG
579,AAGGACAAAAAACCAAACACCGCATGTTCTCACTCATAGGTGGGAATTGAACAATGAGAACACATGGACACAGGAAGGGGAACATCACACACTGGGGCCTG
580,TTTATGGAAATGGCTTGTGCTTTGAGAAGCCCAGTTTTATTCTGTCTTATGAAACTAATTTCCACTTTGAAAATTGTTCTTCTGTTGTTTATGGTATAAAT
581,CTCCAAAAAGCAAGCAATCAATCCACTCTGAGGCATACCCCTAGAGTTGCACAATATCAGGAGATTGCTGCTTGATTGATCTTTGGCTGAAGATAGCTCTG
582,AAGTGAAAACTTTATCAAGCATATAAGAAAACCTGGGCATTTTATATTGTATAATAAGTCTTGTGAGCTGTGTACTTTTGAGGCAATAAAATAGAGCCAAT
583,TAGAGTAAACCTTTTCTGTTTTGGGGCATGAGCAATATTGTATGTATTGCACCATCCAACAGTGGGGATGATGCAATACATACATCATTGCAAATGTGTTC
584,GAGTACATGACTGCATTGCCCATGGCATAAGCATCTCTGCATTTTATTACACAATGTGTGGGCTGGGCTGGAAGTCAAGTGCTTTCAAATCATCATGAAGT
585,CCTGATCAGCTTTGGCTTCCTGGAGGAGGAGGCATTGAAGGTGACATTGGATAATCTAAAAATGCCCTTTGTAACATTAATTATGACTTGCCTCTTGTTCA
586,GTGCCACCACGTGAGGCTAATTTTTGTATTTTTAGTATAGATGGGGTTTTGCCATGTTGGCCAGGCTGGTGTTGAACTCCTGGCCTCAAGCGATCCACCCA
587,TTTTTTTGAGATGGAGTTTCACTCTGTTGCTCAGGCTGGAGTACAGTGGCACAATGTCTACTCACTGCAACCTCCGCCTCTCGGGTTCAAGCGATTCTCCT
588,CGTGAGCCACCGCGCCCGGCGGAAATTTATTTTTAAATATTCACTATTGCGCAAGATGGTTTGCAAATGGTAGTTCCATATATTTCAGATAACATTAACTA
589,AGGAGGATTGCTTGAGCCCAGGAGTTTGAGACCAGCCTGGGCAAGATGGCGAAACCCCATCTCTACCAAAAATACAAAAATTATCAGGGCATGGTGGTGTG
590,CTGCCACCATGCCTGGCTAATTTTTGTATTTTTAGTAGCGATGTGGTTTTGCCATGTTGGCCAGGCTGGTTTTGAACTTCTGACCTCAGGTGATCTGCCCT
591,AAAGTCATACATATAGAAGCTTAGCACAATCTCTAGACATAAGTAGTTGCTCAATCAGTGATAGCATTTACATCATCATCACCAGCATCATCATCACGGCA
592,TTACGTAACAAGTTTCAGAGCTAGTACAGTGCTTTGCACAGAATAGTTGCCCCATAAATCCCAGCTGATTAAGCAACACCACAAATATTCTTTCATGTTCT
593,GCTGCGACCGCTGCTGATACGTTGCTCAGTCTCAGTGTGGTCTCTGTTTTGCAACTGGTCGTCCGCGTCAGGAGACTTAGGTCCAGGCGACTGCCCAGACA
594,AATGATATGCAATTAACTCTTCAGTTTCTTCTTGGTTACTTCCCTGTTGTGCAATATTCCTGTGGAACCACAAGGTTCTATAGATCAGGGAAGACAATGTT
595,ATGTCCCCCACATGGAGCATGACATAATTCATGACCTCCCAACCTGTGACGCAACACCTCCTTGTAAACATCAAAGCAGCCATCTGTGAGCCATCTTTGAG
596,TTTGAATTGCAACATTATGCTAAGTATAACTTTGCAAGTCATGATATTGCCTAACTGCTTGTCATAATTGTCAGGGCTGAATAGTTGTAAGAATGACTTTT
597,TTTTTCCGAGACAGAGTCTAGCTCTGTAGTCCAGGCTGGAGTGCAGTGGTGCAATCTTGGGCTCACTGCTACCTCCGCCTCCCGGGTCCCAGTTCAAGCAA
598,TCGCTCTGTCGCCCAGGCTGGAGTGCAGTGGCGCAATCTCGGCTCATTGCAAAAGCTCCGCCTCCCGGGTTCACGCCATTCTCCTGCCTCAGCCTCCCCAG
599,ACCCTGGTACTGGGTTTCCTCTTCTCTGGCTTGTTGATTCATTCCTTTATGCAATATGTCTTTACGGAGTGCCTATTACGTGCCAGAATTTCAGGCAATGA
600,GGAGAATTGCTTGAACCCAGGGGGTGGAGGTTGCCGTGAGCCGAGATTGCGTCATTGCACTTTAGCCTGGGCAACGAGAGTGAAACTCTGTCTCAAAAACA
601,AGAATTTCCAGAGTGTAAAGGAAAAAAAATACCCTCGGTGAAAATATTGCGAAAGATGCCAACCAGAAGATTCCTACGTGTCATAGGAAGCTCTCATCAGT
602,ACAGACTATGAGGAAAGCGACACATTATTCAACTCAAGTTCACAAGTTGCGAAAGTTCTGGGCATTGCCCATTTCCAAATGACTCAAACTGCAAGCCTTAA
603,TTTATATTAGAGATACTTTTCAATGTAGTTGTATTTTCTAAATGTATTATGCAATGTTGAAGACATACAAAAATGAGTAAAGAAAAATAAACACAGGTATC
604,GGCAACAGGAAGTTCTAGACACTGAAACAGGAAGAAATGAAAGAAGTTGTGAAAAGAAACGTCCACTGATGTGGGGGGGCATTGATGTGTAATATCCTCTG
605,TTTTTTTGAGACAGAGTTTCGCTCTGTCGTCCAAGTTGGAGTGCAGTGGCGCAATCTCAGCTCACTGAAACCTCCACCTCCTGGGTTCAAGTGATTCTCCT
606,TCACCACCATGCCAGGCTAATTTTTGTATTTTTAGTAGAGCCAGTGTTTCACAATGCTGGCCAGGCTGCTCTCAAACTACTGGCCTCAAGCAATCCACCTG
607,TTGGGTTAGCCTACATTTTGGCAAGTAAATCAACAATTGCTGCCAATTGCATCAGAAAGATTCCTTTACTTTTAGCAGATCTCTACCAGGAGAAAAGGAGC
608,GCTTCCGTAGCGGTCTCCGCCGGTTGGGGGGAAGTAATTCCGGTTGTTGCACCATGGCGTCCATGGGGACCCTCGCCTTCGATGAATATGGGCGCCCTTTC
609,GGTTCAGCAGAGGCTGCAGTGTGCAGCGGCGGAGGCTGCGCGCGGATTTCTCAATCAGGGCCGCGCGCTGAGGTCTTAAAGGCACCGGCGCCAGCCGAGCG
610,GCGTGTGTTTATACATAAAATGGTGTAAGAGTCTAGGCTCTGGTCATTATGAAAGGTTTTCACCTATACATATGCCCAGTGGCTCATCTGGAAGCCATGCA
611,GGGTGGATCACTTGAGGTCAGGAGTTCAAGACAAGCCTGGCCAACATGGCGAAACCCCATCTCCACTAAAAATACAAAAATTAGCCGGATGTGATGGTGGG
612,GGAGGGTCTTTTGAGCCCAGAAAGTTGAGGCTGCAATAAGCCTTAATTGTGCCACTGCATTCCAGCCTGGGCAAGAGAGTGAGACTCTGTCAAAAAAGAAA
613,TTTTTTTGAGACAGAATCTTGCTCTGTTGCCCAGGCTGGAGTGCAATGGCGCAATCTCGGCTCACTGAAACCTCTGCCTCTGAGGTTCAAGCTATTCTCCT
614,TAGTGTCTGGGAGAGGAGATAAGACCATCAATGAGAGCAAGATTTATTGTGCAATAAAAGTGTAGAGCAGAGAGAAATAAGCAAGGCCTGGTATAGCCAAG
615,CAGTAAAGTTTCGAGTGAGTTGAAGAAAACAAACCAGTGATCTCAATGGCGCAATCACCTCAGAATGAAGCTGGGGCCTGAAGTTTATAATGGAATAAGCT
616,AGTCCCCAGAGTGTGATATTCCCCTTCCTGTGTCCATGTGCTCTCATTGTTCAATTCCCACCTATGAGTGAGAATATGCGGTGTTTGGTTTTTTGTTCTTG
617,AAAGAAGGAGAGATATAATTGCTTAACATACAGCTCACCAATGGGATTATGCAATGATTTATAACTGTCCCCTAGATAGCTGTGTGGCATCAGACAAGCCA
618,CAAATGCTGTCTCATCCCCTTTGCTAATTGTATGATCTTTGGGTGATTACGTAACCTCTCTGATCCTGTTTCCTGAGCTGTTAAAAGGGGAACAAAATGAC
619,ACGTAGCAGTTTTTACTGCTTCATCAAAGATGCTCTTATTTGAAACTGGCATAATATGATTTATTTATTTGATTTTACTGGGAAGCATGGCAGTCAAGAAT
620,CTCTCTTGGGATAGGCAGTTCAAAAAGAACAAGTTAATAATATATGTTGCACAACTGAGGTTTGGGAGGCTTATGATTTTTTAAAATTTTCCTTCCCTCTG
621,ACATTTTTTTTTGAAAGATGCACAAAAGTAAATAGAGAACACTGAGTTACACAAAGATTTGCGATTTCGCAACACGGGGAATATCATTTGCAAAAATCCAG
622,ACATGTTTAGGAGTGCTATGCCATGGTGAATTGACCTTTTTAATCATTGTGCAATATCCCTCTTTATTCCTGGTAATATTTCTTGTTCACAAGTCTACTTC
623,AAACGAGTCCAAAGTAGTTAGAATTTTATAACTTCATTAAAAGTATTTGCAAAACACACTTCAGCAAAGTTCTGTAGTTTGAGGTGTTTTATCACAAAAAC
624,CCCAAAGTTGATAACCGATTTCGCGGGACTTTTTTTTTGCATACTGTGAGGCAACAAATGGAAAGAATAGGCCTATGGCGGAGGGATCACTCGCTTATTCT
625,TCCCCATGCTCTTCTCATGATAGTGAGTTCTCATGATCTCTGATTGTTGTATAAGGGACTCTTCCCCCTTCACACAGCACTTCTTCTTCCTGCCACCTTGT
626,AACTGTACTCGTGACTTTTTCTAATTTTTAAAATAATTAAAAAATGTTGTGACAGGGTCTTACTCTGTTGCTCAGGCTAGAGTGTAGTAGCGTGATCACAG
627,CCGTTCAACCACACACACCCTCTGGGGATTCGAGAATGCTGAAGTGTTAAGCAATACAGTTGTCAAAGTGGCTTTCCTTTCATGGTAGCCAAAAAGTGGAA
628,TTTTTTTGAGATGGAATCTAGCTCTGTTGCCGAGGCTGGAGTGCAGTGGCGCAATCCTGGCTCACTGCAACCTCCACCTCCCGGGTTCAAGCGATTCTCAT
629,GAATTGCTTGAACCTGGGAGGCGGAGGTTGCAGTGATGAGCCGAGATTGCGCCACTGCACTCCAGCATGAGGTGACAAGAGCGAAACACGGTCCCCTCCCC
630,GGAGAGTTGCTTGAACCCAGGAGGTGGAGGTTGCAGTGAGCTGAAATTGCGCCATTGCACTCCAGCCTGAGCAACAACAGTGAAACTCTGTCTCAAAAAAA
631,TAAGAAAGCATACTTCAAATTACTGTAAATGCTAGCTACCTTTCAATTGCTTAATTCAAGCACTCTTGTAAGAGCTATCAGTGCAGCTAATTGAGTGCTTG
632,CTTGACTGTATCAGTGTCAATATCCTATAGTGATATCGTATTATAGTTTTGCAAGATGTTACCATTGGGTGAAACTGGATAAAAAGTACATGGGATCTGTC
633,GGAGAATCACTTGAACCTGGGAGGCAGAGGTTGCAGTGAGCTGAGATTGTGCCACTGCACTCTAGCCTGGGCAACAGAGTGAGACTTCATGTACCCTAAAA
634,TATCTGGCCATCAGCCAGCTGTAATACTACTGACTTGGTCTTGGAATTGCAACATAGACTGATTATGACCCCATCCACCGCTGCAGATGAACTGACAAAAA
635,GTTGTCCTTGGTTTGCATCCCGTGTATTCAGAAAGCTATTGGATTGTTTTGTAAGTTCTTAAAGAAGGACTGAAAAAGGCTTCATTTTCCCTTTTTCCAAA
636,GTATTACAGCATTTATTGGGTGTAAATTCAGTTGCACCGGGTGAAATTACAAAATGTGTAAGGTACAGAAATCAAGGCCCCGCTGGGATTCGAACCCAGGA
637,ACACTGGAGGGATGAGGGTGGTTTTATGAGGTGCCTGTGCAGAGTGTTGTGTAACACATGGGCATATCCTAGAGGTTGTATAGCACATTTAAGAATGCCCT
638,TGACACTCTGCTTTCCCATTTTCTCATTCATTGGCTAGTAAACTGATTTCACAATTTATCATCCAACTGCTTCTTTCTATGGTGTATACTAACCCTGGCTG
639,CAGTATTACAAGACAAAAAGAGTTCTGGAGGTTATGGTGGTGATGGTTGCATAACAATATAAATATACTTAATGCTACTGAATTGTATGCTTAAAATGGTT
640,TTTTTTTGAGATGGAGTTTCGCTTTGTCACCCAGGCTGGAGTGCAGTGACGCAATCTCTGCTAACTGCAACCTTCACCTCCTGGGTTCCAGCAATTCTCAA
641,AGCATTCTGAGACAGGCTCCCAGTTCTGCAATGGGAACTTAGTAAATTGCGTAACTCCTATTAGGATATCTCTTGTAAGCTCCAGCATTATGAATACTATT
642,GCAATTCCTCATGAATTTAAGTAATGATCATCCATGGCTGCAGATGTTGCAAAATGAGACACAACCAGAAGTTAGGTGCTTCCTGATGGAAGCACATATCA
643,GGCGTCCGGGACAATGGTACCTTGCCAAATTTTATGTGCAAATTTGTTGCTTAATAAATATTCCTTGATGAGGACAACATATGCTGTTACTTAATAAATAT
644,TGCACATTTCCAAAGAACTGGTATTACATAAAGCGCATCTGTGTGGTTGCTCAAATCTTAAGTACCTTTACAAAAAGGAGAAGATTCATTATGTAGGAGAG
645,GACTTGGCTTCCACTGAGATTAAAGTTGACAAATGGGGAGGATGTATTATACAATGTATGGGTTAAGAGCACAAATCCTGCAGCTGAACTGAGTTTGCAAA
646,CTTTAAAGGAAACATTTAGCTACTGCAATGGGTGTACATAAGTTGGTTGTGTAATAGGAAGGAAACAAGCCAGGACTGGAGACTTCATTTCTAAAGAAGGA
647,TTTTTTGAAACGGAGTTTCACTCTTGTTGCCCAGGCTGGACTGCAATGTCGCAATCTCGGCTCACTGTAACCTCCCTCTCCCAGGTTCAAGCGATGATTCT
648,ATTGTTCTGTCCTCATCCCTCTAAGCCAGGATTGAGCAATCTTTTCTTGCATAAGTTTAAAGGAAAAAATATATAATAAAATAAACTTTAAAATATCCATC
649,TCTGCAGTGATTTCTTTTCCTTCCAAAGTCGAAAGCTCCTCTGGCTTTGCACAACCTTTTGAGCACGACCTTCTCTCTCATCACGGTGATGCCTGTTGCCC
650,CCAAAATGCTAAATCTGAAAAATACCTCAAAGACCAGCTCTTTAGATTTCACAATAGTGATGTTATCTACAGGAATAGTTGGGGAAGTTATAAATCTTGTG
651,TTTTCTTGAGGCATAATCTCACTCTGTTACCCGCACTGGAGTACGGTGGCGCAATCTCGGCTGACTGCAACCTCCGCTTCCCAGGCTCAAGCGATCCTTCT
652,GTGTGCAAATAAGAGGAAACACAATTAGGTTGCTTCAGGATCAAGGTTGTGCAAGTTTAGAACAATGGCAAGAAGGAAGCAAGTGAGGAAATTGGGGATCA
653,ATTCAAGGTACAATGCAAAGCCAGGTAAAAGTCTTAAGCAGGAGAATGGTGTAATTCAAATCGTGTTTTAAAAAGAACTTTTGGCCACTGCGTGGACGACA
654,AGGAGAATTTACGCATGTCCTGCATACTACTCCTTTCCCCTGTGAATTGCATAAGACCTAGATGATCTTGGGCCAAGGAAGAAAATCTGGAAGGGTGTTTC
655,TTAGGGCGGCTGTGTTACACAACCATGCAGATGGTGCCCCCTAGTGTTGCACAATGACAAAGCCCTGAAAGCAACCACCTGAAAGCACAATCTAGACGGGT
656,AGTAGGATAGCTTGAGCCCAGGAGTTTGAGACCAGCCTGGTCAACATGGTGAAACCCTGTCTCTACTAAAGAGAACCTGTCTCTACAAAAAAATAAAAATA
657,TTATCTTATTTTCAAATTTTGTTGAGTCATTTGCAGAGGTGCTTCATTGCACAACTTCAGGAATGCCATCAGTAGCCTCAATTATTAGGCCTTTTCTCATC
658,TACATCTGGAATAGCTATCTTCTAGCATACCTGTGTCTCTAGGGTGTTGTGTAACTGCAGGTGGAATATTCCAAAGTTAGAACTACTAAAAGAACAAATCA
659,CTGTAATTGCTTGAGCTTGGGAGGCAGAGGTTGCAGTGAGCTGAGATTGTGCCACTGCACTCCAGCTTGGGTGACAGAGTGAGACTTCATCTCAAAAAAAA
660,TACATCCCGTTCGGCGGCGGTGCGCGCAGCTGCCTCGGCCAGGAGCTGGCGCAAGCCGTGCTCCAGCTGCTAGCTGTGGAGCTAGTGCGCACCGCGCGCTG
661,GGAAGATAATGCAGATTAAAAAGTGTTAATTTATGTATTGTTTGGCTTATGTAATATAAGTTGTTTTTTCTCTTGACCTTTATCAGGTTTGCTGTGAGAAA
662,TTTTTTTGAGACTGAGTCTCTCTATGTCACCCAGGCTGGAGTGCAGTGGCGCAATCTTGGCTCACTGCAACCTCCACCTCCCAGGTTCAAGTGATTCTCCT
663,AATGATGAAATGATGAGATGAAGTGAAATGATGAAATGAAATGAAGTGACGAAATGCAAACGATGAGATGAAATGATGAAATGAAATAATGAAATGAAAGG
664,TTTTAATATGTCATCTCACTCTCTCCTGGCCTGTAAGGTTTTTTTGTTGAGAAATCCGCTAACCTTAGTGAAACGTCCTCGTATGTTATTTGCTTTTTTTT
665,GCTAGTAAGTGGCATAGCAAGTCTACTTTCCTGCAAAAAGCATTTATTGCTTAATCATGCTAGTGTCTATTATTGTGGTTGGTTTTTGTGTTTGTTTGTTT
666,ACTGTACGCAGAACCCCCGGGGTAGACCCCGACAACATAAAAGCAATTGCTAAACTCTACTGTAACCGGGATATGGTTAATTCCGAGCTTGGGAAACTAGA
667,CAGTGTGGGAGTGGAGTTCACGGTCACAGCCTGGCTGTGCGCTGGGTTTCATAATAGATACCAGGTGTAACGCGATACCGCGGGGTTGTCCTAATTTGCAT
668,CAGTAAACAAAGGCCTTCTTGGCTGCCAGTAAGCTCAAAGTGTTCATTAAGCAAGAAGTTTTCTGGCCAGTGGTTGAAATGACATCATGCTTCCTCCTGGA
669,TTTTTTTGAGACAGAGTCTCGTTCTGTTGCCCAGGGCGGAGTGCAGTGGCGCAATCTTGGCTCACTGCCAACCTCTGCCGCACAGAAGCACAGATTCAAAG
670,TTTTTTTGAGATGGAGTTTTACTCTCTTGTCTAGGCTGGGGTGCAGTGGCGCAATCTCGGCTCTCTGCAATCTCCGCCTTCCAGGTTCAGGCAATTCTCCT
671,AAATTGCATGAGCTAATGACCCAAGTCCTCATGTCATTCACCACTGTTGCACCAGCTATGGCTATATGGGCACCACTTATGTTCAGCTGATAGAGGAAGGG
672,TCGGCCGGCAGCCCGCCCCCGCCTCCAGCGCGCGCTTCCTGCCACGTTGCGCAGGGGCGCGGGGCCAGACACTGCGGCGCTCGGCCTCGGGGAGGACCGTA
673,CACTAGAATGCTACCAGGTTCACCTTACTCTCAAGAAATGAAGCAATTATGAAATTTAAAAAATCAATTTCCATAAGTTATAAGATAAAATCAGTTATGAC
674,GGGGGATAAACAGCAAAAGACAGGCCATAGATGATGATAGTTAAAATTGCGCAATAAATATTTAGGGTTTCATTGTACTCTACTCTTGTGTATCTTTGAAA
675,GGAGACACTGAAAATGATAGCAAGAAAAAAAGGAGAGAAAAAAATATGATGCAATAGGTCTGGGTCCCTGTGGGCAGTAAATGATGACACTAAAGTTTTAC
676,GTAGAAAGGCCAAGGCTCATGGAAAAGCAGAGTAAATGAATGCTGATTACACAATGTGTTTGCTCTTCTCTTTGCCTTTCTCTTCACTGTGGCAGTAAGCA
677,GGATCACTGAGTCATCACTTGACTGACCAGGAACATCTATGTGCAATTGCACAAGTGAGCAATAAACTATCCTCCTGTTAAACCACTGAGATTTCATACTT
678,TACTGATCTATTTATACTCTATTGCCTGTTCCCAGTGTGATCAATATTATGCAACAATAGATGGCTGACTGGAGTTATGAATGCTATTTGTGACCCTGATT
679,GAAAACCCTGTCTCAAAAAAAAAAAGAAAAGAAGTGGGTTGGTCTCTTTCGCAATCACCATTGTAAAGGATTTTCTGATATTAAATACATATGCTCTATTG
680,AGTTCTGGTTTTGTACATCATGTGGTCTAGCTATGGGCTGTACCTCTTGCACAATATGGAGAGGACATTCAGACATCTTCAACTGCTCATCTGCCCCTACG
681,ACCCCTCTGTGTCTCAGTTCTCTCTTCTATGAGATGAAAATGGCGATTGTGCCAACCTCATAGAGTCATTCTGAGGACTAAGTGAGCTGATAAGTGTAAAG
682,GAAGAACCTCTTGAACCTGGGAGGCGGAGGTTGCAGTGAGCCGAGATTGCGCCACTGCATTCCAGCCTGGGCAACAAGAGCGAAACTCCGTTTTGGAAAAC
683,CAATCTTGGGAAACAAAAACTAAGCTGGAGGCCTCACACTTCCTGATTTCAAAATATATTGCAAAGCTAGAGTAATCAAAACAGTATGGTAAAGGCATAAA
684,GGGCAGATCACCTGAGGTCAGGAGTTTGATAGCAGCCTGGCCAACATGACAAAACTCCGTCTCTACAAAAAATACACAAAAAGAAAAAAAAAATTAGCCCG
685,ACAGCTCATTCCCGGAGTCTCTGAAGGCGGGGCTGAGCTTTGGGGGTTTCGCAATAAGAATCCACACATATTCTTCTGAGGAGGCTGTCAGGAAAAAGCCT
686,ACAAGCAATTATTGAGCACCTGATGTGTGCCAAGCACTTAATATTCTTGGACAATGCTCATAACTCCGCAGGGTAGGTGCTAACCCCATTTAAATGAGGAA
687,ATTTTTCTGAGACATAGTCTCGCTCTGTCGCCAGGCTGGAGTACAGTGGCGCAATCTCACTGCAACCTCCACCTCCCAGGTTCAAGCGATTCTCCTGCCTC
688,GACCCGGAACTTGGGTAATGTAGATAAGCAATAACCACACAGATTATTGCTCAATATGTTTTTTTCTCTTGTCATTTTCATGCTTGAAGAAAGCTGCAAGG
689,ATATTTAGGATAGTTAGCTCTTCTTGTTGAATTGATCCCTTTACCATTATGTAATGGCCTTCTTTGTCTCTTTTGATCTTTGTTGGTTTAAAGTCTGTTTT
690,TTTTTTTTGAGACAGAGTCTTGCTCTGTCGCCAGGCTTTAGTGCAGTGGCGCAATCTCAGCTCACTGCAATCCCCACCTCCTGGGTTCAAGCAATTCCCCT
691,AGATAAGGAAACCAAAGCTCAGAGAGTCTGAGCAATTTGCTTAAAGTTGCTTAACAGCTGTATTAGCCTACTACTTATAATTCGACTACCTGTGTCCAAGG
692,GAATTAAATCTGGATTTGTTTTGTCTATGTGACAGACAAAAAGTAATTGTGCAACATCATTGACCACAATGTTTTTTTAAAGTCTGGTCACAAATTATGAC
693,CAAAAGTCTATAATGAGTCCCTATGCTCTATGGCAACAAATCTAAATTATTCAACCCAACTTTCCATGTTTTCCCAAAATAATCAGCCTCACTATCCTATC
694,TCGTCGCTTATCCCAAATAAGTAGCTGCACTTCTTGGAAGAGATGATTGCGTCACTTGAAGGGGTCATGGGAGTCTACTGATTGAACTCATTTTTCTCCCA
695,GAGGGAGAGGCCAGCAGTTACAGCAGTACCCTCGGTTGGAAGGGGATTGGGCAATGTCTGGAGAAAGTTTTGTCACCACTGGTGGAAGGGGTGCACCGGCA
696,AGTAGAATGGTTCCTACCAGGGGTTACAGGAGGGAGAGAAGGGGAGTTGTTTAATGGGTTTTCATGGGTATGAAGTTTCAGATTTGCAAGGTGAAAAAGTT
697,ACTCTGCCCCAATATGTGTTACTCAGTGTCTTTCCACATCTTGAGGTTATGTAATACTTCCTCCTTGCCTCCCTATCCCCATGTAGCATAACTCCTTAAAA
698,CAGAAGCATAAACAGGAAGTAGAGCTCCTCCAAAATGCAGCCACAATTTCCCAACCTCCTGACAGGCAATCTGAACCAGCCACTCACCCAGCTGTATTGCA
699,TTAAGAGGCTGGGGATGGGTAAGAAGTCAAGAAGGTTTCGGTTGGATTTCTCAACAACAGGTCATTGGCCTGGAGCCCCTCCAGTGGGTAAAATGCCGTGA
700,ATCAACTAAGTGAATAAATATGACTCATTATCAAATAAAAATATTGTTTTGTAAATGTTTTTGTCCTCTCTTCTTTTTACCCTATAAAATTAACTTTTTAT
